,XLB,XLC,XLE,XLF,XLI,XLK,XLP,XLU,XLV,XLY,XLRE
19/6/2018,52.47082138,47.673172,57.64287949,24.53295898,66.65388489,67.46363831,44.38162994,42.47119141,77.51477051,106.0032654,26.40401077
20/6/2018,52.30037308,48.26480484,57.89739227,24.47016907,66.69940186,67.60531616,44.42509842,42.50503922,77.67919159,106.505867,26.68901062
21/6/2018,51.74417496,47.96899414,56.82536697,24.39840889,65.8620224,67.08585358,44.51202774,42.64889526,77.23161316,105.7472153,26.84826851
22/6/2018,52.4977417,48.17892456,57.959095,24.28179359,66.08957672,66.86862183,44.87707138,42.94506454,77.57872009,105.5670166,27.08296967
25/6/2018,51.6813736,47.18652725,56.79452133,24.0216713,65.25217438,65.48023224,45.10308456,43.65588379,76.86623383,103.2721024,27.01591301
26/6/2018,51.87874603,47.26476669,57.51177216,23.94094086,65.49794769,65.74468994,44.91184616,43.70665359,76.62873077,104.0117798,27.15841293
27/6/2018,51.71726227,46.85254288,58.2830162,23.64492607,64.97001648,64.84746552,44.81624222,43.91820908,75.98020172,102.665184,27.08296967
28/6/2018,51.91462326,47.32012177,58.20590973,23.85124016,65.06105042,65.64080811,44.81624222,43.90128708,76.08068848,103.4712372,27.35120201
29/6/2018,52.09403992,47.26285553,58.56837845,23.85124016,65.19758606,65.61248016,44.79016113,43.96897507,76.23593903,103.6514435,27.41826248
2/7/2018,51.81594467,47.55867386,57.70458984,23.96784782,65.34320068,66.19804382,44.52941132,44.2820816,76.47345734,103.7936707,27.25900078
3/7/2018,51.72623825,46.97659302,58.06706619,23.7525692,65.13385773,65.41414642,44.63370895,44.40900803,76.65614319,103.2721024,27.41826248
5/7/2018,52.1747818,47.69226837,58.00537491,23.80638885,65.45241547,66.33972168,45.25084686,44.64594269,77.45082855,103.7841949,27.77869606
6/7/2018,52.43493271,48.44609833,58.36016083,23.92299652,65.67996979,67.11418915,45.38991547,44.99287796,78.56523895,104.5997467,27.89604378
9/7/2018,52.90142822,48.72283173,59.23165512,24.47016907,66.8996582,67.62420654,45.21607971,43.60511017,79.14070129,105.8515167,27.63620377
10/7/2018,53.34996796,48.70278549,59.67125702,24.38046646,67.10900116,67.78476715,45.75497818,44.01975632,79.44215393,106.0791245,27.77031136
11/7/2018,52.45288086,48.63695526,58.40642166,24.26385689,66.00765228,67.52029419,45.60722351,44.41746521,78.81186676,105.8325653,27.6864872
12/7/2018,52.57846451,49.40032959,58.50668335,24.30870819,66.78133392,68.58757782,45.54637146,44.45131683,79.68878174,106.5343094,27.75355148
13/7/2018,52.55155563,49.32398987,58.81519699,24.20107079,67.12719727,68.5120163,45.84191895,44.45977402,79.83492279,106.7713852,27.66134834
16/7/2018,52.12992477,49.18085861,58.13648605,24.63162994,66.85413361,68.35144806,45.62460709,44.41746521,79.3507843,107.0369263,27.51046753
17/7/2018,52.8117218,49.19040298,57.90509796,24.65853882,67.11808014,68.86147308,46.01574326,44.3836174,79.78926086,107.1412582,27.32605362
18/7/2018,52.31832123,49.04727173,57.94366837,25.05321884,67.85534668,68.74810791,45.64198303,44.15514374,79.85318756,107.0748749,27.22546768
19/7/2018,52.50670242,48.7037468,57.959095,24.67647552,67.82804108,68.50255585,45.6680603,44.56131744,79.40560913,106.8283005,27.48531723
20/7/2018,52.29140854,48.54152679,57.75858307,24.72132301,67.75524902,68.52144623,45.94620514,44.24822617,79.25033569,106.3541412,27.24223328
23/7/2018,52.0043335,48.74191666,57.50406647,25.06219101,67.33655548,68.87090302,45.65936279,43.93513107,79.41472626,106.2403412,27.1667881
24/7/2018,52.67715073,49.08543777,58.22903824,25.13394547,67.61872101,69.248703,45.74629211,44.08744431,80.1363678,105.9273834,27.09135628
25/7/2018,53.08980179,49.43849945,58.71492386,25.18776894,68.64723206,70.11759949,46.09397507,44.21437073,81.15940857,106.7050247,27.35958672
26/7/2018,53.39482498,47.57394409,59.35503387,25.17879486,69.17516327,69.04092407,46.33734894,44.68826294,80.93106079,106.1454926,27.45178986
27/7/2018,53.1974678,46.67124557,59.10053253,25.23261833,69.18424988,67.86031342,46.39818954,44.54439926,80.34645844,105.8705063,27.2003231
30/7/2018,53.0987854,45.93647766,59.5864296,25.25055695,68.50159454,66.80252075,46.346035,44.27362061,80.39212036,105.0264969,27.17517662
31/7/2018,53.58320618,46.24183273,59.4784584,25.07116127,70.01251221,66.98196411,46.56333542,44.67133713,81.23248291,105.5196075,27.70324898
1/8/2018,53.03599548,46.05099106,58.65322876,25.07116127,69.0659256,67.58644104,46.17220306,44.3836174,81.25077057,104.9980392,27.88766479
2/8/2018,52.68613434,46.35634232,58.32928848,25.08012581,68.97489166,68.43645477,46.64157486,44.60364151,81.55219269,105.7187805,27.75355148
3/8/2018,53.18849182,46.67124557,58.02850723,25.22365189,69.03863525,68.68201447,47.18917465,45.10290146,82.03632355,106.0791245,28.11398506
6/8/2018,53.17054749,47.13882065,58.24445343,25.35819817,69.13874054,69.050354,47.2326355,45.13674164,82.18247986,106.7903671,28.0553112
7/8/2018,53.34996796,47.196064,58.67635345,25.47481155,69.63024139,69.31481934,46.94579315,45.06905365,82.19161224,107.2834854,27.99663162
8/8/2018,53.12569809,47.15789413,58.25217438,25.53759575,69.32079315,69.50369263,46.58941269,44.83211136,82.31949615,107.3973007,27.82060814
9/8/2018,53.41276932,47.41553879,57.71229172,25.38510895,68.93850708,69.53204346,46.45034409,45.03520203,82.22814941,107.7955856,27.87090302
10/8/2018,52.64126587,47.01476669,58.06706619,25.08909988,68.32865906,68.97480774,46.27650452,44.84057617,81.87188721,106.8946915,27.60267067
13/8/2018,52.11198044,46.94797134,57.32667923,24.84690666,68.00099182,68.88034058,46.27650452,44.89980698,81.89928436,106.3541412,27.59428215
14/8/2018,52.55155563,47.28194809,57.46551132,25.08012581,68.47429657,69.30538177,46.59811401,44.99287796,82.28295135,107.3878021,27.70324898
15/8/2018,51.71726227,46.62353516,55.46026993,24.88278961,68.14661407,68.68201447,46.78933716,45.40753937,82.1459198,106.0791245,27.94633865
16/8/2018,52.03125,46.6044426,55.86130905,25.21467972,69.01130676,68.9842453,47.45861435,45.89833069,82.94976044,106.6006851,28.16427612
17/8/2018,52.416996,46.38498306,56.0001297,25.26849747,69.43001556,69.08815002,47.82369232,46.13528061,83.20552063,106.6955338,28.43250656
20/8/2018,52.78481293,46.46131134,56.3780365,25.34922791,69.89419556,68.9842453,47.79761505,45.97449493,83.47956848,107.4541931,28.46603584
21/8/2018,52.99113083,46.74757385,56.663414,25.44789314,70.41300201,69.09757996,47.45861435,45.6444664,83.47956848,108.3076782,28.20618629
22/8/2018,52.72201157,46.69033051,57.34209824,25.35819817,69.73036957,69.30538177,47.16308975,45.30599213,83.56178284,108.4214706,28.03016663
23/8/2018,52.36317444,46.49947357,57.07217789,25.24158859,69.53012085,69.45649719,47.05010223,45.27214813,83.53434753,108.3171616,27.96310616
24/8/2018,53.04496002,47.17698669,57.48864746,25.33128738,69.83048248,70.15539551,46.98926163,45.46675873,83.93628693,108.9525452,28.15589523
27/8/2018,53.77159882,47.63500977,57.91282654,25.67214966,70.71337891,70.79764557,47.01532745,45.18751526,84.23771667,109.6542816,28.11398506
28/8/2018,53.5652771,47.42507935,57.66601563,25.64523697,70.56774902,70.92041016,46.85886765,45.09443665,84.28338623,109.8723984,28.45766068
29/8/2018,53.96895981,47.69226837,58.02080917,25.63626862,70.62234497,71.56265259,46.91102982,45.42445755,84.83145142,111.105217,28.4157486
30/8/2018,53.33202362,47.39645004,57.85883713,25.43893051,70.13085175,71.34540558,46.7632637,45.44137573,84.76751709,110.4698563,28.26486206
31/8/2018,53.17054749,46.9288826,57.4115181,25.41201782,70.17637634,71.40208435,46.74588013,45.24675751,84.74925232,110.9060974,28.37383652
4/9/2018,52.80274963,46.34680939,57.28811646,25.53759575,70.12174225,71.12819672,46.68503189,45.44984818,84.07331085,111.1147079,28.12236595
5/9/2018,53.15260696,45.7456398,57.21096802,25.55553818,70.62234497,70.24038696,47.22393417,46.08449554,84.41126251,109.9198303,28.29839516
6/9/2018,53.26025772,45.40211487,56.15438461,25.43893051,70.84082794,69.73038483,47.3543129,46.34681702,84.41126251,109.6163406,28.39059639
7/9/2018,52.91039276,45.49754715,56.14667511,25.41201782,70.62234497,69.49427032,47.25870895,45.77985764,84.53914642,109.6068573,28.03016663
10/9/2018,52.97320557,45.5929718,56.12352371,25.38510895,70.98644257,69.71147919,47.42385101,46.0083313,84.3199234,110.0146408,28.18104172
11/9/2018,53.08084488,46.05099106,56.65569687,25.41201782,70.9682312,70.30651093,47.25001144,45.88986969,84.24685669,110.8966141,28.18942451
12/9/2018,53.10775757,45.91740036,56.9487648,25.17879486,71.18671417,70.01371765,47.79761505,45.84756088,84.66706085,111.105217,28.21457672
13/9/2018,53.31407928,46.24183273,56.97191238,25.14291954,71.61447144,70.83541107,47.72806549,46.19450378,85.71748352,111.2948914,28.39059639
14/9/2018,53.29614639,46.15594864,57.27269363,25.32231522,71.96945953,70.77873993,47.59769821,45.94909668,85.4343338,110.8776169,28.14751816
17/9/2018,53.4845314,45.70747757,57.36523056,25.21467972,71.99675751,69.89094543,47.77153778,46.10142136,85.12375641,109.5025635,28.30677605
18/9/2018,53.5383606,46.03190231,57.74315643,25.34025764,72.65211487,70.33483124,47.57162476,46.01680374,85.61701202,110.8966141,28.13912964
19/9/2018,54.12147522,46.15594864,57.92053986,25.77081108,72.58837891,70.15539551,47.48469162,45.01828384,85.49826813,110.9440079,27.87090302
20/9/2018,54.70457458,46.66169739,57.93595886,25.99507141,72.69761658,70.98653412,48.08444595,45.11135483,86.32949829,111.7026672,28.08045006
21/9/2018,54.58649445,46.45310974,58.31879044,25.89415741,73.16770172,70.70600128,48.16148376,45.30345917,86.44595337,111.2090225,28.08045959
24/9/2018,53.82034302,46.45310974,59.17299652,25.6058445,71.91473389,71.05667114,47.42619705,44.90216827,86.62017822,110.486145,27.52985954
25/9/2018,53.54092026,46.47225571,59.55351257,25.50673676,71.69522858,70.97134399,47.14608383,44.28742218,86.35424805,110.9521942,27.50444603
26/9/2018,53.00911331,46.65404892,58.97886276,25.20040512,71.6494751,70.70600128,47.19860077,43.8519783,86.54682922,111.2090225,27.19950294
27/9/2018,52.5494194,47.05590439,58.97886276,25.11030388,71.75008392,71.12298584,47.13732529,44.30449677,86.98699951,111.5894852,27.2842083
28/9/2018,52.21591187,46.88367844,58.81578827,24.8490181,71.70436096,71.38832855,47.20736313,44.95339966,87.25291443,111.4943466,27.62303543
1/10/2018,52.73870087,46.69231796,59.63117599,24.94812965,72.33545685,71.72950745,47.17234802,44.79971313,87.68390656,111.151947,27.41126633
2/10/2018,52.96404266,46.65404892,59.69329453,24.94812965,72.50006866,71.73897552,47.44369507,45.40592575,87.58305359,109.6491394,27.32656097
3/10/2018,52.58547211,46.86453629,60.17475128,25.1823864,72.80187225,71.9569397,46.93599701,44.85947418,87.41799164,109.2781677,27.01314545
4/10/2018,52.34210587,46.19477463,59.92623901,25.35357094,72.56407928,70.65862274,46.82220078,45.09854889,86.56517792,107.5661011,26.88607979
5/10/2018,51.95452881,45.75465012,59.91850662,25.22743416,72.18909454,69.76782227,46.77843475,45.79014587,86.46430206,106.7576141,26.89455414
8/10/2018,51.92747498,45.60154724,59.87189865,25.3986187,72.37199402,68.98123169,47.42619705,46.17436218,86.4276123,107.0334396,27.24185371
9/10/2018,50.20588303,45.57285309,60.40771866,25.29951286,71.25621033,69.2276535,47.32114792,46.36219788,86.57434845,106.719574,27.33503342
10/10/2018,48.88988876,43.77404404,58.51293564,24.51565742,68.96057892,65.8728714,46.75217819,46.1060524,84.5294342,103.1242065,26.90302658
11/10/2018,48.3220253,43.40089417,56.53272629,23.78586006,67.14053345,65.03890228,45.59671783,45.26077652,82.24608612,101.3075027,26.11524391
12/10/2018,48.4572258,44.36727524,56.6880455,23.81289673,67.58867645,67.12380981,45.85056305,45.20954514,83.5115509,103.1812668,26.09830284
15/10/2018,48.29499817,44.19503403,56.21435547,23.70477867,67.71670532,66.02448273,46.1306839,45.42300034,82.93386078,102.9435043,26.25925064
16/10/2018,49.07016373,45.36233902,56.68028259,24.10120773,68.85995483,68.01461029,46.64714432,45.89260101,85.20800018,105.0074844,26.75055122
17/10/2018,48.75468063,45.54414368,56.32307053,24.34447098,68.35694122,67.70187378,46.86597824,45.80721664,85.65732574,104.1419296,26.67431259
18/10/2018,48.20485306,44.7117157,56.04352188,23.93902969,67.17710114,66.37513733,46.80469513,45.8755188,84.68531036,102.1444931,26.68278503
19/10/2018,47.86233902,44.70214462,55.54652786,24.02912903,66.93016815,66.34671783,47.87261963,46.59272003,83.91503906,101.1457825,26.95384789
22/10/2018,47.48377228,44.6734581,54.93305206,23.5155735,66.70152283,66.8963623,47.5137291,46.29389954,83.22727966,101.5547867,26.57266617
23/10/2018,47.0150528,44.57775879,53.49642944,23.32636452,65.60401154,66.64048767,47.72380829,46.03774643,82.77796173,101.5738144,26.7420826
24/10/2018,45.52780533,42.45365143,51.38421249,22.74073029,63.38153458,63.6553154,47.92514801,47.15625,80.04527283,98.53964996,27.05549812
25/10/2018,46.11369324,43.86015701,52.01322937,23.09210968,63.82969284,65.8444519,48.03894424,46.42196274,81.08148956,101.5167542,27.377388
26/10/2018,45.84328842,42.6737175,51.62495422,22.75874901,63.19862366,64.5271759,47.11981964,45.56815338,80.16448975,98.3589325,26.66584587
29/10/2018,45.73512268,42.01351166,50.66202927,22.9569664,62.1468277,63.4373436,47.66253281,46.20851898,80.3662262,97.49337006,27.10632133
30/10/2018,46.78071213,43.16168976,51.83462143,23.35339737,63.4272728,64.14812469,48.60790634,46.38781357,81.22823334,98.95815277,27.55527115
31/10/2018,47.42066956,44.05152512,52.15300369,23.67774963,63.91201019,65.67385864,48.15271759,45.84136581,81.33824158,100.2327042,27.18255615
1/11/2018,48.75468063,44.30986786,52.5956459,23.78586006,65.03696442,66.44148254,48.49411392,45.63647079,82.36529541,102.2776794,27.2842083
2/11/2018,48.63751221,43.86015701,52.46362305,23.76784706,64.92720032,65.14316559,48.24026108,45.38030624,81.85177612,102.6961975,27.05549812
5/11/2018,48.78172302,43.67836761,53.3411293,24.1462574,65.26561737,65.07684326,48.84424973,46.02066803,82.57619476,102.8388596,27.50444603
6/11/2018,49.5839386,43.93670654,53.58961868,24.27239609,65.95155334,65.48433685,49.14187241,46.32805252,82.99803925,103.2954102,27.65692139
7/11/2018,50.47628784,44.7404213,54.46711731,24.58773804,67.02163696,67.40809631,49.42197037,46.85741425,85.43725586,106.0917892,27.96186447
8/11/2018,50.25995255,44.31942749,53.28675842,24.65981483,66.91188049,67.35124969,49.44823837,46.78056717,85.48310852,106.1203308,28.02116203
9/11/2018,49.55690384,43.4104538,53.19357681,24.43457413,66.23508453,66.18558502,49.73710632,46.84888077,85.23550415,104.6460495,28.05504036
12/11/2018,48.82679367,42.75982285,52.09088516,23.94804001,64.92720032,63.85432053,49.47449875,46.82325363,84.08008575,102.5439911,28.11433983
13/11/2018,48.68258667,42.62586975,50.89498901,24.08319092,65.21988678,63.93014526,49.36070633,47.01963806,83.49320221,102.4964523,28.17363358
14/11/2018,48.62850571,42.83637619,50.80957794,23.75883865,65.00036621,63.16252136,49.02807236,46.53296661,82.82380676,101.7259903,28.16516876
15/11/2018,49.29550171,43.15211487,51.55506516,24.11021614,65.86010742,64.74513245,48.94929123,46.14875031,83.55739594,101.5738144,27.94492531
16/11/2018,49.79124832,42.94161987,52.16854095,24.1372509,65.84178162,64.64090729,49.07184601,46.85741425,84.40104675,101.1743317,28.34304237
19/11/2018,49.07917404,41.6403656,52.15300369,24.12824059,64.79915619,62.17692947,48.99305725,47.06232834,83.32814026,98.70133972,28.41928291
20/11/2018,48.18681717,41.0949707,50.44459534,23.59666061,63.45469666,60.84071732,48.1789856,46.86594391,82.54870605,96.46612549,28.04657555
21/11/2018,48.57441711,41.58295059,51.23667526,23.61467743,63.90287018,61.28611755,47.79383469,46.17436218,82.08103943,97.47434998,28.02962875
23/11/2018,48.0516243,41.03757095,49.62922668,23.42547226,63.77481461,60.72700119,47.9601593,46.19997406,82.20023346,97.0368042,27.92798424
26/11/2018,48.60145187,41.97524261,50.37471008,23.90299416,64.24125671,62.10112,48.02142334,46.47319794,82.99803925,99.2149353,27.98727989
27/11/2018,48.00655365,42.10920715,50.23492813,23.92100906,64.13150024,62.2243309,48.45034027,46.82325363,83.85998535,99.5098114,28.13974953
28/11/2018,48.74567413,42.98945999,51.09690857,24.38050842,65.66802979,64.40398407,48.85300827,46.78911209,85.87741089,102.4488678,28.36846733
29/11/2018,49.09720993,43.13298798,51.43082428,24.17328644,65.70462036,63.77852631,48.93179321,46.77204132,86.16168213,101.9733047,28.40234375
30/11/2018,49.2233963,43.06600571,51.33762741,24.29942513,66.34483337,64.38500977,49.24691772,47.46361923,87.91318512,102.7152176,28.67341042
3/12/2018,50.08869934,43.13298798,52.47914886,24.45259285,67.11309052,65.80654144,49.29067612,47.9417572,87.49132538,104.6365204,28.80892944
4/12/2018,48.60145187,41.86042023,50.97265244,23.38943672,64.25955963,63.31414795,48.45910645,47.97590637,85.53813171,100.8699493,28.42775726
6/12/2018,47.94345093,42.32927322,50.03302765,23.06508446,63.90287018,63.45629883,48.51161575,48.02713013,85.21717072,101.3550568,29.20706558
7/12/2018,46.78970718,41.52555084,49.75347519,22.62360382,62.22000504,61.21977997,47.89888763,48.20643997,83.04386139,98.32086945,28.76658249
10/12/2018,46.91590881,41.84129333,48.97692108,22.30825996,62.37548828,62.06321335,47.89888763,48.30035782,83.36485291,98.39696503,28.65646744
11/12/2018,46.76267624,41.87956619,48.99245453,22.09202385,62.00963593,62.13903427,48.29279327,48.49673843,83.62159729,98.43499756,28.70728874
12/12/2018,47.16830063,42.32927322,49.1865921,22.21816254,62.35718536,62.62235641,48.23151398,48.1893692,84.33686829,99.47175598,28.16516876
13/12/2018,46.61845779,42.13790131,49.34189987,22.0559845,62.18340302,62.72660446,48.52913284,48.60773849,84.41938782,98.97718048,28.35998917
14/12/2018,46.25790787,41.72647095,48.21590805,21.83974648,61.32369614,61.19135666,47.70631027,48.51381302,81.57666779,97.33165741,28.30916023
17/12/2018,45.46471405,40.91318512,47.33840942,21.62351418,60.31762695,59.8930397,46.60336304,46.95133209,79.95357513,94.85866547,27.25032043
18/12/2018,45.71709824,41.0949707,46.22017288,21.54242706,60.61945343,60.36687851,46.05190659,46.63542938,79.25663757,95.60057068,27.52138901
19/12/2018,45.09516907,40.21471405,45.67659378,21.27212715,59.47620773,59.17281342,45.60548019,46.55857086,78.22044373,93.70776367,27.26726341
20/12/2018,44.49124908,39.50667572,44.41080856,21.0829277,58.38783646,58.11141586,44.79140091,46.53296661,77.12004089,91.60572052,26.93690491
21/12/2018,44.09115601,38.21461868,43.97971725,20.66135788,57.28538895,56.34584045,44.32676315,46.33406067,76.16201019,89.52979279,26.524683
24/12/2018,42.94805527,37.40828705,42.20045471,20.22619057,55.52772141,54.84202194,43.04589462,44.39665604,74.33811188,87.83013153,25.54768372
26/12/2018,44.87136459,39.51051331,44.82622528,21.14185143,58.11360931,58.1542511,44.24726868,44.99939728,77.58063507,93.03422546,26.36184311
27/12/2018,45.69694138,39.69290543,45.06138229,21.39570427,58.84060669,58.57303238,44.67127609,45.3782692,78.43731689,93.53076935,26.42184067
28/12/2018,45.45198822,39.56811523,44.71650314,21.38663673,58.68415833,58.439785,44.67127609,45.49020386,78.52941895,93.54032898,26.5161171
31/12/2018,45.83302689,39.62570572,44.9516449,21.59515572,59.27312469,58.99180603,44.85677719,45.56770706,79.69007874,94.5429306,26.56753349
2/1/2019,46.06890106,40.15366745,45.83734894,21.77647209,59.57679367,59.02989578,44.59176254,44.78413391,78.48336792,95.25910187,25.95905113
3/1/2019,44.76249313,39.48171234,45.38274384,21.28691292,57.76390839,56.05080032,44.33559036,44.77551651,76.88974762,93.19656372,26.0790329
4/1/2019,46.52251816,41.18078232,46.92684555,21.99405479,59.95410538,58.53495026,45.28078461,45.43854904,79.18344116,96.28082275,26.34470749
7/1/2019,46.68581772,41.65114594,47.62443924,22.0212574,60.44183731,59.05844498,45.21895218,45.12856293,79.48744202,98.45794678,26.56753349
8/1/2019,47.1757164,42.35189438,47.99285126,22.03938675,61.27004623,59.55337906,45.63411713,45.68825912,80.10458374,99.54651642,27.03032112
9/1/2019,47.19386292,42.40948486,48.75313187,22.1481781,61.68417358,60.32431412,45.21011353,45.4127121,80.46386719,100.0526047,26.91890717
10/1/2019,47.61118698,42.49589157,48.8942337,22.15724182,62.52157974,60.59082794,45.47511673,46.00684738,80.62044525,99.7661438,27.34742165
11/1/2019,47.42066956,42.28469849,48.60421371,22.2116394,62.45717621,60.47660446,45.60762024,45.8346405,80.88759613,99.86162567,27.39883614
14/1/2019,47.05778122,42.13110733,48.48664093,22.36576462,62.4479599,59.91505432,45.38677597,44.80136108,79.99404907,99.25051117,27.31314087
15/1/2019,46.74931717,42.83184814,48.65907669,22.56521034,62.2547226,60.81925583,45.83729553,45.35243607,81.43109131,100.1480942,27.62166405
16/1/2019,46.93077087,42.64946365,48.59636688,23.04571152,62.31914139,60.87636566,45.58995438,45.51603699,81.28371429,99.91892242,27.75021744
17/1/2019,47.75634003,42.822258,49.04314804,23.17263222,63.3866272,61.26659012,45.78429794,45.70548248,82.00218964,100.5968704,27.88734627
18/1/2019,48.54562378,43.16782379,50.03858185,23.57153511,64.5921402,62.19934464,46.33197403,45.75714111,82.97865295,101.9910049,27.99018478
22/1/2019,47.87428665,42.27510071,48.94908905,23.29955673,63.2577858,61.15237427,45.90796661,45.84324646,82.40753937,100.4631958,27.93875504
23/1/2019,47.54767609,42.08311462,48.44744873,23.32675171,63.34981155,61.36177826,46.45565033,46.30822754,82.49964142,100.6637268,27.95589828
24/1/2019,47.29365921,42.27510071,48.70610046,23.38114929,63.67190552,61.87573242,45.8814621,46.54932785,81.80874634,101.0838776,28.06730843
25/1/2019,48.19181442,42.81266022,49.3253212,23.57153511,64.48171234,62.75138474,45.695961,45.91212845,81.91008759,102.2010956,28.39297867
28/1/2019,48.11923599,42.43829346,48.83152008,23.4990139,63.86515427,61.91380692,45.89029694,45.69686508,80.97973633,101.6090622,28.67579269
29/1/2019,48.61820984,41.93912506,48.98043823,23.41741562,64.74858856,61.24755478,45.99630356,45.82602692,81.37581635,100.9501877,28.8986187
30/1/2019,49.13532257,42.54388428,49.67020416,23.55340576,65.760849,63.15112686,46.30547714,46.17906189,82.49042511,102.936348,29.13858604
31/1/2019,48.40048218,44.28134537,49.99155807,23.51713943,66.04615021,63.08451462,47.16233063,47.15206909,83.5221405,103.8721237,29.42140388
1/2/2019,48.54562378,44.12775421,50.86159134,23.61686897,66.14735413,63.45571518,47.01215744,46.97123718,83.59583282,102.3538666,29.24142647
4/2/2019,48.46398163,44.54052353,50.97916794,23.7165947,67.00318146,64.47409821,47.3125,47.04874802,83.35633087,103.0222931,29.41282463
5/2/2019,48.8177948,45.03007889,51.05754471,23.65312958,67.58294678,65.01663971,47.32133484,47.14345932,83.23656464,103.9867172,29.60993767
6/2/2019,48.52748871,44.02216339,50.68131256,23.62593269,67.60135651,65.23555756,47.33016586,47.11762238,83.61424255,103.5570297,29.37855339
7/2/2019,47.85614014,43.59979248,49.56046677,23.39021301,67.14124298,64.34086609,47.29483414,47.73759842,82.69308472,102.7071762,29.62708282
8/2/2019,47.81077576,43.89736938,49.33315277,23.27236176,67.2424469,64.71205902,47.51567841,47.94425201,82.84967041,102.2965851,29.62708282
11/2/2019,47.88335419,43.44620132,49.56830597,23.34488487,67.60135651,64.68352509,47.63935471,47.92702484,82.74835205,102.4780045,29.71278763
12/2/2019,48.95388794,43.94537354,50.19535065,23.689394,68.65042877,65.54011536,48.01035309,48.03897095,83.88140106,104.053566,29.50710678
13/2/2019,49.01738739,43.97417068,50.82239532,23.75285339,69.05535889,65.62577057,48.09867859,47.90119934,84.06563568,104.7601776,29.7042141
14/2/2019,48.76337051,44.13734436,51.0026741,23.46274567,68.73327637,65.7399826,47.55984116,47.82370377,84.25907135,104.3782196,29.81563187
15/2/2019,49.42563629,44.32933426,51.82567596,23.96137428,69.65351868,66.2634964,48.01035309,47.9700737,85.53028107,105.0943756,29.99559593
19/2/2019,49.73409271,44.37733841,51.98244095,23.99763489,69.6259079,66.28250122,48.25769806,48.25423431,85.32761383,105.5240707,30.02988625
20/2/2019,50.58687973,44.22374725,52.20190811,24.15176201,69.95717621,66.35866547,48.16935349,48.46949387,85.22628784,105.7341614,29.8413372
21/2/2019,50.38729477,43.81097794,51.39457703,24.02483368,69.67190552,66.3871994,48.31069183,48.8225441,84.48016357,105.5240707,29.89276123
22/2/2019,50.60503006,44.22374725,51.54351044,23.98857117,70.13202667,67.23430634,48.08101654,49.12392044,85.25392914,106.0970078,30.06416512
25/2/2019,50.93162918,44.27173996,51.62972641,24.0882988,70.40812683,67.5579071,47.81600571,48.80532074,85.37368774,105.7437134,29.81563187
26/2/2019,50.64132309,44.27173996,51.46512222,24.01576805,70.21485901,67.70067596,47.84251785,48.74504471,85.06970215,105.8869476,29.7556324
27/2/2019,50.55966949,44.05096436,51.66107559,24.10642815,70.49092865,67.63405609,47.77185822,48.80532074,84.67359924,105.8105545,29.66136551
28/2/2019,49.94276428,44.07975769,51.14375687,24.04297066,70.25166321,67.44367981,48.00151443,49.08947754,84.42488861,105.2376251,29.74707031
1/3/2019,49.8792572,44.42532349,52.08433914,24.19709206,70.31608582,67.90055084,47.91318512,49.19280243,85.62238312,106.0874634,29.71278763
4/3/2019,50.10605621,44.48292542,52.17839813,24.04297066,70.00318909,67.64356995,47.83368683,49.27890015,84.46172333,105.7532654,29.83277702
5/3/2019,49.87018585,44.76130295,52.00596237,23.95230675,69.55228424,67.44367981,47.79834366,49.21863174,84.4156723,106.0206299,29.91847229
6/3/2019,49.97903442,44.74211121,51.34756088,23.79818344,68.89891815,67.09152222,47.72767639,49.21863174,83.18128967,105.5240707,29.8413372
7/3/2019,49.57079315,44.34854507,51.04186249,23.55340576,68.48478699,66.45384979,47.41850662,49.38223648,82.52726746,104.2445221,29.81563187
8/3/2019,49.65244675,44.31974411,50.08562469,23.54434013,68.34676361,66.44431305,47.44500351,49.55445099,82.35227203,103.5188293,29.8413372
11/3/2019,50.36008072,45.11647415,50.86942673,23.78911781,68.92650604,67.87197876,48.06335831,49.90747452,83.29186249,104.9416199,30.30412483
12/3/2019,50.55060577,45.31806564,51.19863129,23.84351158,68.35595703,68.27174377,48.08101654,50.25191116,83.89979553,105.2376251,30.46696281
13/3/2019,50.79554749,45.45244598,51.7159462,24.00670242,68.95412445,68.71909332,48.3548584,50.30358124,84.8025589,105.6100159,30.61265182
14/3/2019,50.41451263,45.25086212,51.77080917,24.09736443,68.72407532,68.86187744,48.31069183,50.29496765,84.66437531,105.2949066,30.68979263
15/3/2019,50.4773941,45.2152977,51.75027847,24.26594353,68.48155212,69.69544983,48.58425903,50.4771347,85.05362701,105.9704056,30.56394196
18/3/2019,50.59584045,44.83063889,52.46913528,24.51196671,69.14797211,69.99147797,48.65529633,50.28629303,84.92417908,106.9956055,30.40879631
19/3/2019,50.53204727,44.90758133,52.32693863,24.32061768,68.89805603,70.1346817,48.61977768,49.71377182,85.59915161,107.5321655,30.32260323
20/3/2019,50.48648834,45.31143951,52.78512573,23.81943893,68.42604065,69.94371033,48.41550064,49.84388733,85.00740051,107.6854553,30.46051598
21/3/2019,51.02407074,45.90765762,53.15639877,23.74654007,69.08317566,71.70066071,48.98394394,50.37303162,85.34026337,109.1610184,31.00352859
22/3/2019,49.50246429,45.16720581,51.71868134,23.09045601,67.51898956,70.01055145,48.92177582,50.73736572,83.78694153,106.9956055,30.85699463
25/3/2019,49.41135025,45.09026337,51.74237442,22.99022102,67.67633057,69.70500946,49.01947021,50.78073502,83.7407074,107.628006,30.88286018
26/3/2019,49.71202469,45.31143951,52.48494339,23.26358795,68.12985992,70.08695984,49.43691635,51.14506912,84.31396484,108.087883,31.07247925
27/3/2019,49.64824295,44.98449326,52.11365509,23.16335869,68.20391083,69.68590546,49.26816559,50.7894249,83.61126709,107.8675385,30.96904945
28/3/2019,50.13114929,44.87872314,52.3111496,23.36382294,68.7036972,69.97237396,49.50798416,50.19087219,83.8239212,108.519043,31.22762871
29/3/2019,50.56850052,44.97488785,52.23213959,23.42761421,69.4441452,70.6598587,49.83660889,50.45978928,84.83172607,109.0843506,31.21901512
1/4/2019,51.32475281,45.65763474,52.91941071,24.00168419,70.87873077,71.62428284,49.66785049,50.11280441,84.96118927,110.2820358,31.12419891
2/4/2019,51.49786377,45.89803696,52.55603409,23.98346519,70.85095215,71.87255096,49.25927734,50.18218994,84.76701355,110.2628708,31.39139175
3/4/2019,52.17211151,46.0711174,52.05046082,24.05635262,70.63808441,72.45500946,49.01947021,50.10412216,84.65605927,111.0389557,31.35691643
4/4/2019,52.7005806,46.3307724,52.48494339,24.20215225,71.07309723,72.14945984,49.20599365,49.93063736,84.48040009,111.9396133,31.26210022
5/4/2019,52.68235779,46.46538925,53.40918732,24.23860359,71.2767334,72.49320221,49.37474442,50.39906693,85.0628891,112.600708,31.50343513
8/4/2019,52.7005806,46.37885666,53.64618301,24.26594353,70.97131348,72.77009583,49.57903671,50.04340744,85.04438019,113.0031509,31.34830093
9/4/2019,52.31789398,46.50386047,52.99051666,24.06547165,70.00871277,72.42636871,49.51686478,50.16484833,84.82248688,111.9875259,31.25348663
10/4/2019,52.29056931,46.70580292,53.18799973,24.1383667,69.99020386,72.93243408,49.65896606,50.00870895,84.8502121,112.5241013,31.50343513
11/4/2019,52.26322937,46.73464966,53.22750092,24.28416061,70.59181976,72.83695984,49.75667572,50.26027679,83.80543518,112.6678238,31.46034431
12/4/2019,52.95569229,47.1385231,53.36968994,24.7306633,71.52661133,73.34302521,49.91654587,50.49448395,83.0380249,113.3672638,31.63273048
15/4/2019,52.70969391,47.10005569,53.05370331,24.57575798,71.12863922,73.31437683,50.20965195,50.48580551,83.37086487,113.5972061,31.44311333
16/4/2019,52.94659042,47.14813995,53.40129471,24.92202187,71.56365204,73.68678284,50.21854019,49.86124039,81.66036224,114.0954361,30.70185661
17/4/2019,52.61856461,47.23468018,53.33018875,24.98580933,71.65620422,74.09736633,50.46722794,49.67040634,79.31188965,114.3158188,30.3829422
18/4/2019,52.68235779,47.26353073,53.07741165,24.91290855,72.47997284,74.30745697,50.51163864,49.69642639,79.44132996,114.2774811,30.62428474
22/4/2019,52.32701111,47.47509384,54.19915771,24.8400116,72.2578125,74.47933197,50.52939606,49.65305328,79.48757172,113.8463211,30.28812599
23/4/2019,52.56390762,48.10976791,54.11225128,24.99492073,72.88718414,75.29095459,50.36952209,49.79185867,80.74501038,115.2069016,30.63290215
24/4/2019,52.23589325,47.88859177,53.16430664,24.96757889,72.67430878,75.31960297,50.47610855,50.11280441,80.65255737,115.3122635,30.84838486
25/4/2019,51.57075119,48.42709351,52.99840164,25.01314354,71.21194458,75.30051422,50.15636826,50.32100296,81.48469543,114.7086411,30.81389618
26/4/2019,51.99900436,48.81174088,52.3111496,25.24095154,71.74874115,75.01403809,50.60934448,50.39906693,82.29834747,115.6188889,31.02076721
29/4/2019,51.89877319,49.25409317,52.26375198,25.49609566,71.9153595,75.03315735,50.6715126,50.10412216,82.15039063,115.2164612,30.70185661
30/4/2019,52.34523392,48.14822006,52.22424698,25.53254318,72.20227814,75.15727997,51.25772476,50.92821884,82.52948761,115.0439835,31.05523491
1/5/2019,51.39764786,47.89820862,51.1815033,25.32296371,71.73025513,74.96630859,50.62710571,50.40773392,82.38153839,113.6451111,31.05523491
2/5/2019,51.13340759,47.70587921,50.28885269,25.35029793,71.69322205,74.57480621,50.60934448,50.29496765,82.73288727,113.7313461,31.1155777
3/5/2019,51.63453674,48.1674614,50.75492859,25.57810402,72.56324005,75.28140259,50.99126434,50.57255173,83.36162567,115.0727463,31.3310585
6/5/2019,50.89650726,48.09052277,50.8023262,25.40497398,71.86907196,74.69894409,50.91132355,50.29496765,83.78694153,114.373291,31.20177269
7/5/2019,50.00358582,47.3116188,50.35994339,24.98580933,70.41596985,73.09477234,50.405056,50.13883209,82.17814636,112.6390533,30.66737175
8/5/2019,49.95803833,47.23468018,50.35994339,24.93112946,70.41596985,73.00882721,50.39617157,49.45353699,82.35381317,112.6773834,30.66737175
9/5/2019,49.5662384,47.09044266,50.35994339,24.87645912,70.31416321,72.51229858,50.28958511,49.39281845,82.17814636,112.2174988,30.77080917
10/5/2019,50.24048233,47.22507095,50.59693527,25.04048538,70.59181976,72.74146271,50.90245056,50.27761841,82.20588684,112.3803635,31.12419891
13/5/2019,49.11067581,45.76340103,49.72797394,24.31150246,68.58338165,70.00100708,50.42282104,50.81544113,80.6618042,109.0364532,31.12419891
14/5/2019,49.52979279,46.02304459,50.33625031,24.5028553,69.29605103,71.12774658,50.66262817,50.4771347,81.0686264,110.1383057,31.23624611
15/5/2019,49.40224457,47.05197906,50.59693527,24.41174126,69.38861084,71.90117645,51.06232452,50.39038849,81.30903625,110.8856659,31.44311333
16/5/2019,50.09469986,47.4654808,50.87342453,24.65776443,70.02723694,72.56002808,51.46199799,50.72869873,81.94699097,111.9108582,31.62410927
17/5/2019,49.79402924,47.1192894,50.35994339,24.49374771,69.24977112,71.97756958,51.29325485,50.98892975,81.77133179,111.058136,31.58101082
20/5/2019,49.08333206,46.34038162,50.38364029,24.52108192,69.07391357,70.72668457,51.16889954,51.05832672,81.73434448,110.2724457,31.07247925
21/5/2019,49.83958435,46.85003662,50.96821213,24.77622604,69.8884201,71.5956192,51.06232452,51.15375137,82.50174713,111.0389557,31.3310585
22/5/2019,49.49334335,46.80195999,50.17824936,24.63043404,69.31455994,71.22322083,51.29325485,51.53542709,82.97331238,109.8987656,31.47758865
23/5/2019,48.73709869,46.14805984,48.49562836,24.28416061,68.25943756,69.97237396,51.27548599,51.97782135,82.68666077,108.538208,31.63273048
24/5/2019,49.01044464,46.13844681,48.67732239,24.47551918,68.2871933,69.99147797,51.08897018,51.8997612,82.80686951,108.6819305,31.67582893
28/5/2019,48.51842117,46.34038162,48.17175674,24.19303703,67.65782928,69.7909317,50.25406265,51.04964828,81.62336731,107.9633255,31.34830093
29/5/2019,48.52753448,45.8884201,47.86367035,24.14748001,67.3523941,69.38035583,49.88990402,50.37303162,80.83748627,107.0051956,30.98628426
30/5/2019,48.60953903,45.99419403,47.25540161,24.06547165,67.61154938,69.81005096,50.10306168,50.29496765,81.28129578,107.7046204,31.17590523
31/5/2019,48.06285477,45.28259659,46.42594147,23.70098305,66.68600464,68.64509583,49.39251709,50.52918243,80.69877625,106.2961807,31.43448448
3/6/2019,49.57534409,43.85940933,47.01841354,23.85588455,67.13951111,67.44198608,50.01424026,51.03229904,80.89294434,105.4050751,31.55515862
4/6/2019,50.9693985,44.80179596,47.83206558,24.5028553,68.74071503,69.69544983,50.46722794,51.07568359,82.23361969,108.2603531,31.38278198
5/6/2019,51.3429718,44.82102585,47.30280304,24.65776443,69.40710449,70.60258484,51.04454803,52.16866684,82.85309601,108.7969208,32.09817886
6/6/2019,51.95343781,45.01334763,48.17965698,24.74888992,69.5274353,71.42375946,51.57747269,52.48962402,83.27841187,109.3526382,32.15850449
7/6/2019,52.41812515,45.74417877,48.40083694,24.71244431,70.08274841,72.75102234,52.07486725,52.09927368,84.14754486,110.9335709,32.26193619
10/6/2019,52.50924683,45.70571136,48.54304123,24.92202187,70.17530823,73.4957962,52.09263229,51.74361801,84.39717865,111.872551,32.14988708
11/6/2019,52.47278976,45.89803696,48.63783264,24.93112946,69.57371521,73.4957962,52.26138306,51.43133545,84.25849152,112.3037033,32.21022034
12/6/2019,52.64590836,45.67686844,47.95057297,24.68510246,69.7217865,73.08521271,52.34132004,52.09927368,84.66530609,112.2749786,32.33088684
13/6/2019,52.95569229,46.18650818,48.51142883,24.76711464,70.07350922,73.30483246,52.45678329,52.20337296,84.56360626,113.2810211,32.37399292
14/6/2019,52.72790909,46.27307129,48.19545364,24.82178497,69.79585266,72.66506958,52.48343658,52.74986267,84.36942291,113.5301361,32.51190186
17/6/2019,52.24500275,46.80195999,48.59833527,24.5939827,69.55519867,72.72237396,52.33243942,52.60239029,84.74853516,113.5780411,32.86529922
18/6/2019,52.65501785,47.0615921,49.26979065,24.92202187,70.90649414,74.04008484,52.04821777,52.38553619,85.46971893,114.4403763,32.77047348
19/6/2019,52.36345673,47.1192894,49.21450806,24.87645912,70.85095215,74.30745697,52.26138306,52.78455734,86.23711395,114.6511612,32.9859581
20/6/2019,53.02859116,47.41739655,50.30465698,24.98580933,72.03568268,75.39598846,52.7232399,53.12286758,86.61621857,115.4463959,33.1842041
21/6/2019,52.85993576,47.61788559,50.66816711,24.92994118,71.65176392,75.03952026,52.55230713,53.32834625,87.0322113,114.9118576,32.81324387
24/6/2019,53.06158447,47.73356247,50.21377563,24.82919502,71.51233673,75.18325806,52.68655014,53.34583282,86.57720947,114.2965317,32.64818192
25/6/2019,53.089077,46.84674835,49.81518936,24.74676514,70.97318268,73.80339813,52.65969467,53.02231598,86.2243576,113.2004852,32.20510864
26/6/2019,52.99741745,46.66360474,50.58046341,24.7009716,71.14979553,74.59874725,51.9079361,51.86813354,85.13796997,113.5658264,31.57959366
27/6/2019,53.17157745,46.99134064,50.20579529,24.920784,71.21485138,74.79039001,52.00638199,51.93808746,85.73223114,114.2773056,31.84022713
28/6/2019,53.62071228,47.44438171,50.78773499,25.27797318,71.96782684,74.78079224,51.97057343,52.13919449,86.0200882,114.6041794,31.94447517
1/7/2019,54.03317261,47.82994843,50.83556366,25.58020973,72.03289795,75.9690094,52.28381348,52.00802994,86.44721222,115.6137085,31.88365936
2/7/2019,53.97817612,48.27337265,50.02244568,25.51609802,71.93993378,76.17024994,52.74024582,52.71627808,86.91146851,115.863678,32.47443008
3/7/2019,54.25315475,48.52397537,50.22173691,25.71758842,72.33965302,76.75476837,53.39357758,53.08351898,87.65431976,116.8731842,32.94354248
5/7/2019,54.00568008,48.59146118,50.29349518,25.79085732,72.05148315,76.61103058,53.16088486,53.05727768,87.05075836,117.0078049,32.76111603
8/7/2019,53.38240433,48.15769196,50.36523819,25.6626339,71.4565506,76.02650452,53.23248291,53.13598251,86.40077972,117.1520081,32.88274002
9/7/2019,52.85993576,48.45650101,50.40509796,25.70843124,71.29853058,76.29480743,52.91923904,53.2059288,86.48434448,117.2770157,33.05649567
10/7/2019,52.74995041,49.0059433,51.05080414,25.61684418,71.1312027,76.89850616,53.25932312,53.32834625,86.78146362,117.7000504,33.23893356
11/7/2019,52.97909164,49.03485489,51.15443802,25.76337814,71.61457825,77.18597412,53.39357758,53.34583282,86.80004883,117.9403839,32.81324387
12/7/2019,53.50154877,49.39151382,51.36966705,25.937397,72.86951447,77.75132751,53.54571152,52.99608231,85.83438873,119.2960358,32.68292236
15/7/2019,53.53821182,49.40114594,50.90729904,25.79085732,72.57204437,78.01005554,53.67100906,53.2059288,86.0200882,119.6806183,32.72635651
16/7/2019,53.66653442,49.2854805,50.36523819,25.72674751,73.03684998,77.28178406,53.68891144,52.89989853,85.59294891,119.5267944,32.6742363
17/7/2019,53.18990707,48.82279205,49.79127121,25.50693893,71.47514343,77.08057404,53.62625504,53.10099792,85.6115036,118.3826523,32.50917816
18/7/2019,53.41905975,48.42758942,49.79924011,25.69927216,71.60529327,77.65552521,53.98424911,53.56442642,86.09435272,118.2288437,32.50048447
19/7/2019,53.53821182,47.80102921,50.03042221,25.58936882,71.99571228,77.32013702,53.64416504,52.78622818,85.20296478,117.450058,31.97053909
22/7/2019,53.40072632,47.98418045,50.26159668,25.64432144,72.05148315,78.21129608,53.33092499,52.67256546,85.02653503,117.5173492,31.93579102
23/7/2019,54.50064087,48.16732788,50.39711761,25.90992165,72.96247101,78.64250183,53.71575928,52.34029388,85.55580902,118.3153687,32.2485466
24/7/2019,54.463974,48.59146118,50.61235809,26.17552376,73.27853394,79.29409027,53.35777283,52.3840065,85.60222626,118.9114838,32.22247696
25/7/2019,54.06983566,48.46614456,50.0383873,25.99235153,73.12979889,78.96828461,53.42937469,52.25286484,85.18438721,118.2480621,32.08348083
26/7/2019,54.1340065,49.85419464,49.78329849,26.27626801,72.97177887,79.14078522,54.02898788,52.44522095,85.49082184,118.7864761,32.18772507
29/7/2019,53.95068359,49.57465744,49.58400345,26.0747757,72.8416214,79.09287262,54.12743378,52.71627808,85.84365082,118.20961,32.30935669
30/7/2019,54.30815506,49.34331512,50.14201736,26.00150681,73.15769196,78.58499908,54.28852844,52.31407166,85.47223663,117.4116058,32.63080215
31/7/2019,53.47406006,48.94810486,49.98259735,25.8732872,72.33965302,77.39678955,53.18772507,52.06924057,84.62727356,116.0655823,32.50048447
1/8/2019,53.17157745,48.71675873,48.85060883,25.28713036,70.93598938,77.00391388,52.99978638,52.60261154,84.7387085,114.4888229,32.57867813
2/8/2019,52.5483017,48.24443436,48.14909744,25.27797318,70.48049164,75.74861908,53.00873566,52.59386063,84.54370117,113.5466003,32.830616
5/8/2019,51.5583725,46.6828804,46.71418762,24.43537331,68.52838898,72.58642578,51.63049316,51.84189987,82.55661774,110.4988251,32.20510864
6/8/2019,51.62253952,47.35762787,46.6583786,24.82919502,69.56022644,73.79380798,52.09586716,52.48893738,83.62444305,112.1813507,32.60473633
7/8/2019,52.33747101,47.41546631,46.30763245,24.4994812,69.52305603,74.25376892,52.7044487,52.62010193,83.65229797,112.6332321,32.90880966
8/8/2019,53.3365593,48.36975479,47.63890839,24.96657753,70.70359039,76.07443237,53.3846283,53.16221619,84.76654816,114.8060913,33.43006134
9/8/2019,52.9149437,47.82994843,47.11277771,24.88414955,70.1086731,75.21202087,53.08927917,53.22341537,84.86869049,113.7292709,33.42139053
12/8/2019,52.09000397,47.31906891,46.55475998,24.40789604,69.14191437,74.22502136,52.73130417,53.11848831,84.04230499,112.0755844,33.39530945
13/8/2019,52.64910889,48.01310349,46.98522949,24.71012878,69.96923828,76.08399963,53.33092499,53.15346909,85.13796997,113.9215851,33.41268539
14/8/2019,50.98091125,46.30695343,45.1437645,23.79426956,67.83120728,73.74591064,52.48966217,52.71627808,82.77018738,110.3546066,32.89143372
15/8/2019,50.99925613,46.38405991,44.86476135,23.91332626,67.75683594,73.61174774,53.27723312,53.39830017,83.05802917,110.171936,33.35188675
16/8/2019,51.89751053,46.98170853,45.45466614,24.33462715,69.06755829,75.01077271,53.88580322,53.6693573,84.07944489,111.4217987,33.58644104
19/8/2019,52.3099823,47.71427536,46.459095,24.58190536,69.71823883,76.15106964,54.4227829,54.01036072,84.88726807,112.825531,33.89050674
20/8/2019,51.69586182,47.39617538,46.06847763,24.25219727,69.30923462,75.76779938,53.83211136,53.92292404,84.16299438,112.8543625,33.63857651
21/8/2019,51.96166992,47.57933044,46.36343002,24.36209869,69.73684692,76.65895844,53.97529984,54.28142548,84.78511047,115.0272217,33.77756882
22/8/2019,51.61336517,47.4732933,46.15617752,24.52696037,69.83908844,76.47689819,54.26169205,54.33387756,84.36725616,115.056076,33.94263458
23/8/2019,50.3667984,46.1720047,44.60966492,23.90416908,67.97063446,73.94713593,53.35777283,53.75679016,82.41734314,111.9986801,33.51694107
26/8/2019,50.53178787,46.8660202,44.80098343,24.13313293,68.47262573,74.97244263,54.02004242,54.37759781,83.28088379,113.1043243,33.82969284
27/8/2019,50.56844711,46.95277786,44.52197266,23.98659325,68.11937714,74.85746765,53.86790466,54.47377777,82.78874969,112.5466919,33.7167511
28/8/2019,50.96258926,47.06845474,45.1597023,24.20640564,68.95599365,74.92453003,54.38698196,54.32514191,83.3923111,113.9504013,33.81232071
29/8/2019,51.61336517,47.80102921,45.82136536,24.57274818,70.1365509,76.22773743,54.41382599,54.70112228,84.02372742,115.6617737,34.0555687
30/8/2019,51.96166992,47.74320221,45.82136536,24.65518379,70.42472839,76.20858002,54.34223557,54.71860886,84.12585449,114.9695358,34.0642662
3/9/2019,51.54921341,47.27087784,45.59815598,24.39873695,69.46725464,75.27906799,54.6554718,55.68916702,83.63372803,114.498436,34.55077744
4/9/2019,52.18165207,48.18660355,46.23589325,24.63686562,70.35035706,76.56311035,55.14769363,55.74163055,83.68943787,115.6329193,34.83745575
5/9/2019,52.26415253,49.0059433,46.80985641,25.14059067,71.61457825,78.16339111,54.80760956,55.13831329,84.51585388,117.8442612,34.53339767
6/9/2019,52.46580124,48.89990997,47.05697632,25.13143158,71.76331329,78.09629822,54.98659897,54.91971588,84.74796295,118.1326904,34.57683182
9/9/2019,52.1908226,49.05413437,47.99764252,25.51609802,71.97711945,77.51177979,54.86130524,54.64865875,83.96800232,118.5845718,34.31619644
10/9/2019,52.70411682,49.12161255,48.56362534,25.60768509,72.63712311,77.11890411,54.52122498,54.71860886,84.20941925,118.1134644,33.81232071
11/9/2019,53.20823288,49.3818779,48.61145782,25.75422478,73.31570435,77.9238205,54.71811295,55.2607193,85.04511261,118.33461,33.73413849
12/9/2019,53.62071228,49.52646637,48.30853271,25.89160156,73.36218262,78.3454361,54.94185638,55.38312912,85.01725769,118.9018402,33.93395233
13/9/2019,54.20733643,49.4397049,48.69117737,26.09309196,73.76190186,77.77050018,54.62862778,55.03337479,84.97084045,118.6614838,33.52562714
16/9/2019,53.31822205,49.25655365,50.3253746,26.00150681,73.69683075,77.57886505,54.1006012,55.07709503,84.78511047,117.1424026,33.87312698
17/9/2019,53.74903488,49.30475998,49.62387085,26.02897835,73.65966034,77.89508057,54.39592743,55.55801773,84.91511536,117.8538818,34.35095215
18/9/2019,53.77652359,49.24692154,49.38471603,26.12056923,73.54810333,77.88548279,54.48543167,55.79409409,84.90583801,117.7961807,34.24669647
19/9/2019,53.86818695,49.29512024,49.257164,26.00150681,73.17626953,78.0579834,54.47647476,56.0564003,85.30512238,117.47892,34.35964584
20/9/2019,53.74291229,48.97531509,49.29739761,25.84869766,72.71369934,77.14767456,54.30363083,56.27845764,85.78063965,116.1322937,34.21358109
23/9/2019,53.61394119,48.80140686,49.31348038,25.8947258,72.57350922,77.38800049,54.51969528,56.28726578,85.32376862,116.5374222,34.33603287
24/9/2019,53.15333557,48.06710434,48.5331459,25.64617729,72.16233063,76.63826752,54.74475861,56.94812393,84.54052734,115.2930527,34.29230118
25/9/2019,53.4296875,48.61782837,48.61359787,25.85790443,72.62957764,77.55140686,54.7807579,56.91287994,84.13028717,116.3444977,34.25731659
26/9/2019,53.30994034,48.14440918,47.97807312,25.73823357,72.7323761,77.63790131,55.08684921,57.21246719,83.66407776,115.842865,34.58966064
27/9/2019,53.16254425,47.60335159,47.97002792,25.83949471,72.44268799,76.59980011,55.02383804,57.00979614,83.29114532,115.4377518,34.36226273
30/9/2019,53.61394119,47.84489441,47.62409973,25.77505684,72.54549408,77.40722656,55.29390717,57.04504395,84.03704071,116.4313049,34.4059906
1/10/2019,52.35189819,47.36180878,46.52200317,25.23194313,70.80731201,76.68630219,55.14986801,56.91287994,83.21652985,115.4570313,34.10863113
2/10/2019,51.41226959,46.64684296,45.379673,24.7164402,69.4709549,75.24446106,54.04255295,56.15509796,82.00440979,113.3830643,33.89874268
3/10/2019,51.5965004,47.10093689,45.87039566,24.81769562,69.92888641,76.16722107,54.42066956,56.28726578,82.74099731,113.9329147,34.30104446
4/10/2019,51.87286377,47.73861694,46.1599884,25.27796555,70.6578064,77.42644501,55.27591324,57.0714798,84.03704071,115.0036697,34.45846939
7/10/2019,51.68861771,47.73861694,45.74971008,25.14908791,70.30268097,77.09963226,54.82577896,56.85119247,83.75730896,114.5020447,34.39724731
8/10/2019,50.78584671,46.96567917,44.96939087,24.65200233,69.21864319,75.68661499,54.30363083,56.32251358,82.16291046,113.2962494,34.2310791
9/10/2019,51.35699844,47.24587631,45.379673,24.88213348,69.80738831,76.81124878,54.71774292,56.59566879,82.75965881,114.2608948,34.33603287
10/10/2019,51.82680893,47.51639557,45.95083618,25.13988495,70.44284821,77.33991241,54.82577896,56.53398514,83.16990662,115.0229492,34.42350006
11/10/2019,52.83091736,48.07676315,46.57026672,25.45286942,71.76984406,78.4068985,54.77175903,56.32251358,83.85987091,116.3252182,34.30979156
14/10/2019,52.45322418,47.97050095,46.54613495,25.48968887,71.62966919,78.35883331,54.50169373,55.96125031,83.82259369,116.2673264,34.36226273
15/10/2019,52.82170486,48.79174042,46.73920441,25.85790443,72.20905304,79.22394562,54.26761627,55.78501892,85.35172272,117.2898407,34.38850021
16/10/2019,52.93224716,48.87870407,46.08758926,25.79346657,72.17168427,78.67603302,54.3216362,55.90838242,85.23983765,117.7721558,34.34477234
17/10/2019,53.07042694,49.16854095,46.11977005,25.8118782,72.52679443,78.52223206,54.57370758,56.04935074,85.87387085,118.0808487,34.57216644
18/10/2019,52.97830963,48.59850311,45.8784256,25.87631798,71.90067291,77.7724762,54.68173599,56.23439789,85.55684662,117.8493576,34.90449905
21/10/2019,52.8125,48.88835907,46.69898224,26.23532295,72.33055115,78.60874939,54.86178207,56.45468521,85.46362305,118.2641373,35.14064789
22/10/2019,52.59141159,48.41493988,47.30232239,26.16168022,72.90060425,77.55140686,54.87979126,56.69259262,85.65008545,117.5117035,35.03569031
23/10/2019,52.92303848,48.79174042,47.69651031,26.27214813,72.89125824,77.61869812,55.13186264,56.92168427,86.18154907,116.9715042,35.0969162
24/10/2019,53.08885956,48.24102783,47.49539948,26.23532295,72.99403381,78.75293732,55.32091522,57.11553574,85.74332428,116.9136353,34.96572876
25/10/2019,53.66920853,48.61782837,47.88154221,26.36419678,73.45195007,79.70453644,54.99682236,56.53398514,85.83657074,116.7786026,34.53718185
28/10/2019,53.83502579,49.07194519,47.60801697,26.5022831,73.65753937,80.71383667,54.88879395,55.75857925,86.72234344,117.1451492,34.16985703
29/10/2019,54.16665649,48.62749863,47.80109406,26.56671715,73.90050507,79.98329163,54.88879395,55.81144714,87.95311737,116.479538,34.25731659
30/10/2019,54.21271515,48.76276398,46.82769394,26.54830933,74.16217804,80.47351837,55.14086914,56.30488586,88.44729614,117.2030258,34.51094055
31/10/2019,53.60472107,48.90769196,46.62657928,26.41943359,73.36785126,80.42545319,55.05984116,56.61328888,88.34471893,116.576004,34.39724731
1/11/2019,54.36010742,49.22652435,47.6884613,26.80605698,74.9658432,81.38668823,55.0508461,56.47230911,88.45661163,117.3477173,34.30979156
4/11/2019,54.7838707,49.49704742,49.24108124,27.03619385,75.83492279,81.80963135,54.51969528,55.74977875,88.18621826,117.4055939,33.92497253
5/11/2019,54.87598038,49.51637268,49.30543518,27.13744736,75.9937973,81.71350861,54.69973755,55.17702866,87.56150818,117.5792236,33.33899689
6/11/2019,54.83913422,49.34245682,48.29985809,27.27553558,76.04052734,81.67504883,54.9248085,55.38850403,87.85987854,117.7046204,33.46144485
7/11/2019,55.20761871,49.65163422,49.02386856,27.47805023,76.30220032,82.31906891,54.73574829,54.63952637,88.05567169,117.0004654,33.10286713
8/11/2019,55.42870712,49.78689957,48.82275391,27.46884155,76.40499115,82.78045654,54.69973755,54.41043854,88.69904327,117.0486679,33.04164886
11/11/2019,55.34579086,49.55501938,48.5492363,27.39520264,76.44235992,82.81890869,54.61872482,54.07560349,88.33539581,116.807518,33.10286713
12/11/2019,55.63137054,49.61298752,48.29985809,27.43202019,76.43301392,83.09764862,54.79876328,54.2077713,88.86685944,116.7303619,32.88422012
13/11/2019,55.30894852,49.59366226,48.09069824,27.25712013,76.11529541,83.2802887,55.21289063,55.00961304,88.96944427,116.3638077,33.21656036
14/11/2019,55.6497879,49.81588364,47.96198273,27.31235886,76.35825348,83.18418884,55.19488907,55.20345688,88.97874451,116.8654099,33.54889679
15/11/2019,55.60373306,50.23134613,48.33204269,27.38599777,76.91896057,83.85703278,55.21289063,55.37968826,90.871521,117.0776215,33.71507263
18/11/2019,55.46554947,50.40524292,47.74477386,27.44122696,76.6292572,84.10692596,55.50097275,55.49423981,90.56383514,117.4827652,33.89874268
19/11/2019,55.34579086,50.43423843,47.0368576,27.49646187,76.56384277,84.27036285,55.42894745,55.35325241,91.17922211,116.1901703,33.96870041
20/11/2019,54.65490341,50.12506104,47.51147842,27.36758614,75.95642853,83.7609024,55.55498123,55.68809128,91.05800629,115.9200745,33.98619461
21/11/2019,54.56277847,50.26032639,48.29181671,27.33996964,75.92838287,83.33795929,55.27591324,55.49423981,91.29109955,115.2641144,33.53141785
22/11/2019,54.65490341,50.27965164,48.13093185,27.54248619,76.32086945,83.23222351,55.18587494,55.51186371,91.61743164,116.0550995,33.33899689
25/11/2019,55.01416016,50.43423843,48.17918777,27.71739197,76.87223053,84.44335938,55.24890137,55.326828,92.68968964,117.0776215,33.36524963
26/11/2019,55.29052353,50.59848404,47.73672867,27.68976974,77.0965271,84.5202713,55.69903183,55.51186371,92.61511993,117.8782806,33.82876968
27/11/2019,55.51161194,50.95597076,47.85740662,27.80023766,77.0217514,84.99126434,55.8340683,55.60879135,93.09061432,118.8911438,33.93371964
29/11/2019,55.30894852,50.78206635,47.37473679,27.75420952,76.66664886,84.74136353,55.81606293,55.55591583,92.76428986,118.1194153,33.8025322
2/12/2019,54.75622177,50.29898071,47.37473679,27.57931137,75.40506744,83.5302124,55.94209671,55.19466019,92.35404205,117.1451492,33.18157959
3/12/2019,54.40617752,50.20235062,46.66680145,27.19268417,74.58270264,82.79006958,55.85207748,55.34444809,92.14890289,115.9682999,33.45270538
4/12/2019,54.52592468,50.4632225,47.36668777,27.45043373,74.87239838,83.12650299,56.22118378,55.76738739,93.00669861,116.6145935,33.62761307
5/12/2019,54.80228806,50.67578125,47.1414299,27.57931137,74.89108276,83.43408966,56.20318222,55.86431885,93.00669861,116.4988403,33.68008804
6/12/2019,55.36421967,50.97529221,48.04242325,27.94752502,75.79754639,84.35686493,56.4192276,55.69690323,93.62210083,117.4345398,33.68884277
9/12/2019,55.25367737,50.78206635,47.98611832,27.88309288,75.50785828,83.91470337,56.46424484,55.50304794,92.96940613,117.5792236,33.73256683
10/12/2019,54.92204666,50.60815811,48.08264923,27.89229584,75.41440582,83.98197174,56.28420258,55.49423981,93.17453766,117.3766708,33.49642563
11/12/2019,55.336586,50.84002686,48.0022049,27.82785797,75.89099884,84.54910278,56.36521912,55.64403152,93.25847626,117.6756897,33.24280167
12/12/2019,56.11039352,50.89799118,48.88711929,28.37096977,76.56384277,85.45265961,56.3202095,55.40612793,94.12558746,118.7078629,32.84049606
13/12/2019,55.67743301,50.78206635,48.51707077,28.26971436,76.35825348,86.01977539,56.51826096,55.83788681,94.06032562,118.8139496,32.87547302
16/12/2019,55.9169426,51.28446579,49.16866684,28.37096977,76.32086945,86.78874207,56.71632004,56.53398514,95.0766449,119.3348541,33.12911224
17/12/2019,55.99985123,51.23616409,49.20084763,28.48143387,76.24610901,86.58690643,56.62630463,56.71902847,94.97406769,119.8654175,32.7705307
18/12/2019,55.92615128,51.58398438,49.38587952,28.361763,75.92838287,86.57728577,56.53627014,56.94812393,95.10462189,119.981163,33.23405457
19/12/2019,56.11960602,52.05741501,49.36979675,28.35255814,76.13399506,87.20207977,56.84235764,56.96575165,95.47755432,120.3573761,33.54889679
20/12/2019,56.39194107,52.2191124,49.84336472,28.38586617,76.48429108,87.70836639,57.27166367,57.35736465,96.15353394,120.5412674,33.80794907
23/12/2019,56.54940033,52.0835495,50.35512543,28.32110596,77.1135025,87.95909882,57.0266037,56.82455444,96.53740692,120.2606049,33.60460281
24/12/2019,56.61423874,52.07386398,50.33074951,28.38586617,76.80358887,87.98803711,57.09922028,56.90446472,96.41568756,120.5315857,33.64881516
26/12/2019,56.86433029,52.47085953,50.31450272,28.54316139,76.98204041,88.64378357,57.15367508,57.00216293,96.35015106,122.0026627,33.85214996
27/12/2019,56.65129852,52.37403488,50.10330582,28.4691391,76.91628265,88.63415527,57.40781784,57.17087555,96.37824249,121.992981,33.97592545
30/12/2019,56.47529984,51.83179855,49.94518661,28.38586617,76.5594101,88.12304688,57.10829544,57.16199875,95.79963684,121.209053,33.94940567
31/12/2019,56.89212799,51.92862701,50.22963715,28.47839165,76.51244354,88.40270233,57.16275787,57.3840065,95.9881134,121.3832626,34.18811417
2/1/2020,56.22520447,52.53863525,50.68140411,28.75596046,77.95874023,90.06140137,56.70893478,56.66471481,96.24253845,122.8253021,33.79026413
3/1/2020,55.31745148,52.19974518,50.53081131,28.45063782,77.80847168,89.04881287,56.61817551,56.78014374,95.40383911,121.7800751,34.03781128
6/1/2020,55.07661819,52.89690018,50.92401123,28.43213272,77.8366394,89.2609787,56.73616409,56.83343506,95.99753571,122.1188049,34.04664612
7/1/2020,55.01177216,52.96469116,50.7901535,28.24708748,77.67699432,89.22239685,56.30049896,56.75351334,95.80905151,121.9252396,33.67533875
8/1/2020,55.2062912,53.34231186,49.95355606,28.43213272,77.93996429,90.17711639,56.50925446,56.72686768,96.43102264,122.2930145,33.8433075
9/1/2020,55.41006851,53.62311554,50.32165146,28.6079216,78.2686615,91.19934082,56.90861511,57.03768539,96.84564972,122.9414444,33.83447266
10/1/2020,55.18776703,53.4100914,50.03721237,28.39512444,77.71456909,90.98719025,56.87230301,57.18864441,96.87391663,122.2736511,34.16158676
13/1/2020,55.90100479,53.91358948,50.05395126,28.58941841,78.35318756,92.12510681,57.2444458,57.53496933,96.53468323,122.6607666,34.57711792
14/1/2020,55.66943741,53.77803802,50.06230927,28.53390694,78.36257935,91.69117737,57.26259232,57.7036972,97.11891937,122.6220551,34.4091301
15/1/2020,56.04920578,54.03946686,49.69420624,28.37661743,78.48466492,91.79724884,57.67102432,58.51179123,97.9576416,122.3414078,34.64784241
16/1/2020,56.38267136,54.45583344,49.77786636,28.62642479,79.26416016,93.03162384,57.8253212,58.87588882,98.46649933,123.4350281,34.95727921
17/1/2020,56.63276291,54.88186646,49.45995712,28.70969772,79.27355957,93.65844727,57.92516708,59.28438187,98.46649933,123.8705368,35.00147629
21/1/2020,56.02142334,54.83345795,48.57316589,28.4691391,78.40013885,93.61988068,58.1248436,59.82607269,98.57014465,123.4930878,35.35512161
22/1/2020,55.79911423,54.8044014,48.10466003,28.55241394,77.98690796,93.95741272,58.17023468,60.01254654,98.69268036,123.4350281,35.07220078
23/1/2020,55.73426437,54.581707,47.92060089,28.47839165,78.83214569,94.40100861,58.11576843,60.54536819,98.19322205,123.6189194,35.40816498
24/1/2020,55.33598328,53.92328644,47.36845398,28.11755371,78.46588898,93.95741272,57.71640778,60.70520401,96.5535202,121.8961945,35.35512161
27/1/2020,54.14107895,53.08088303,46.0549736,27.6826973,76.98204041,91.72009277,57.53488541,60.55424881,95.81848907,120.0767212,35.20482254
28/1/2020,54.75241852,53.69089508,46.26413345,28.00652885,77.47977448,93.47525024,57.60749817,60.80289459,96.28966522,121.2477722,35.29323578
29/1/2020,54.92840958,53.60374832,45.77890015,27.96026611,77.89300537,93.71632385,57.31705093,60.96274185,96.02579498,121.1800079,35.10757446
30/1/2020,54.58569717,53.06150436,46.14701462,28.31185532,77.9775238,94.52635956,57.99777222,61.53106308,95.32846832,120.9767761,35.18713379
31/1/2020,53.38152313,52.19974518,44.7080574,27.7197113,76.17436218,91.93224335,57.34428406,61.25579071,93.4249115,121.2864838,34.68320465
3/2/2020,54.50232697,52.81944275,44.12243271,27.91400719,76.14619446,93.14735413,57.34428406,61.4511528,94.27301788,122.1478348,34.71856689
4/2/2020,55.4656601,53.37136459,44.28138733,28.18231964,77.58307648,95.58716583,57.68918228,60.83840179,95.93157196,124.3737793,35.1694603
5/2/2020,56.49382401,53.45849991,45.94622803,28.74670792,78.87908173,96.14649963,58.15207672,61.08705139,97.77857208,125.0028763,35.14294052
6/2/2020,56.46603394,54.12662125,45.4777298,28.70969772,79.13267517,97.02407837,58.25192261,61.10482025,97.86338043,124.7222214,35.29323578
7/2/2020,55.66017151,54.08787918,45.15982056,28.6079216,78.55979156,96.13685608,58.32452774,60.90945435,97.10007477,124.1802597,35.31090927
10/2/2020,55.63238144,54.4074173,44.9339447,28.69119263,79.00120544,97.43875122,58.56958008,61.14033508,97.61837006,125.5835495,35.71760178
11/2/2020,55.93805695,54.34931946,45.43590164,28.79297256,79.30170441,97.11086273,58.35175323,61.36234283,98.20263672,126.5707474,36.15080261
12/2/2020,56.24372864,55.05615997,46.04661942,28.81147194,80.04364777,98.16199493,58.32452774,61.40674973,98.32514954,127.8676529,36.38067627
13/2/2020,56.03994751,55.06583786,45.90438843,28.80222321,79.59287262,97.90161896,58.66941833,62.09052277,97.86338043,127.6450195,36.60170364
14/2/2020,56.04920578,55.13362122,45.6617775,28.83922768,79.48953247,98.32593536,58.80556488,62.50790024,97.93875885,127.4514771,37.02606583
18/2/2020,55.91026688,55.50156784,45.28530884,28.58941841,79.03876495,97.95949554,58.5968132,63.03184509,97.59010315,127.4417801,36.99069595
19/2/2020,56.05847168,55.75331879,45.88766098,28.80222321,79.0105896,99.12634277,58.5332756,62.34806061,98.04242706,128.0128021,36.46908188
20/2/2020,56.15109253,55.18204117,45.83747101,28.74670792,78.89788818,98.09449768,58.57866669,62.5700531,97.41106415,128.0611725,36.87576294
21/2/2020,55.89174271,54.33963013,45.29367447,28.4691391,78.50344086,95.89576721,58.67850113,62.45460892,97.46762085,126.1062164,37.07026672
24/2/2020,54.31706619,52.51928329,43.20217133,27.5439167,76.26825714,91.93224335,57.32613373,61.72644806,94.39554596,121.7703857,36.57517624
25/2/2020,51.97357559,51.11528397,41.2947197,26.60943985,73.15969849,88.99095917,56.29143143,60.42993164,91.53077698,118.5185318,35.65571594
26/2/2020,51.79758835,51.01844788,40.04817963,26.41514206,72.60559845,89.39598846,55.97375107,59.81718063,91.52135468,117.5797501,35.34627533
27/2/2020,49.37072754,49.00444031,37.90647888,25.28637123,69.91024017,84.57419586,53.69558716,57.12648392,88.41159058,112.8277969,33.3482132
28/2/2020,48.83349228,49.14967728,37.87300873,24.60170555,68.63298035,85.22033691,52.63367081,55.21723175,87.27135468,112.1019287,32.52600861
2/3/2020,50.92687607,50.85384369,39.40398788,25.86001396,71.04660034,90.14818573,55.44732285,58.46738815,91.36116028,115.9538193,34.14390564
3/3/2020,50.48226929,49.17873001,38.1992836,24.88852119,69.30917358,86.72472382,54.69399261,57.74809265,89.09007263,113.1471558,34.11738205
4/3/2020,52.57566452,50.95066833,39.10281372,25.71197319,72.17357635,90.44715118,57.38058472,61.02489471,94.225914,117.0571213,35.44353485
5/3/2020,50.90835953,49.09158325,37.67222977,24.4721756,68.64237213,87.59264374,56.30049896,60.08359528,92.03964233,112.692276,34.6301651
6/3/2020,49.58377075,48.23950577,35.55561829,23.63947296,68.04134369,85.74108124,55.85577011,59.59518433,91.54962921,110.9598999,34.03781128
9/3/2020,44.94311142,45.02482605,28.39429474,21.10435677,61.76780701,79.23166656,53.42330551,56.35389709,86.79074097,103.9722824,31.63306046
10/3/2020,46.76789093,47.31963348,29.74123383,22.34415817,64.97032166,84.51634216,54.95719528,56.87784195,89.76858521,109.7211075,33.17140579
11/3/2020,44.54481125,45.28626251,28.16841507,21.13211632,61.15736771,80.52391052,52.26153946,54.01839447,86.33841705,103.7206497,31.39434814
12/3/2020,40.25613022,41.03552628,24.65468788,18.84681129,54.82750702,72.66436768,47.35123062,48.56594086,79.89272308,93.23921967,28.697855
13/3/2020,43.08128357,44.72465134,26.93024445,21.32641029,59.11001968,81.18930817,51.38113403,51.21224213,85.43375397,99.00739288,31.21753883
16/3/2020,38.33872604,39.67993927,23.26592255,18.40270424,52.40449524,69.97381592,47.89582062,45.39570236,77.00911713,86.46453094,26.22238159
17/3/2020,40.71001434,41.4034729,23.42487907,19.40194702,54.81811142,74.73776245,51.93478775,51.20336914,81.84337616,89.79380798,27.81375504
18/3/2020,38.10715866,40.02851868,20.06173134,17.75504684,50.77978134,71.92183685,50.60056305,48.97443771,79.12940979,84.63536835,25.85989189
19/3/2020,39.07975769,40.74504471,21.42539978,18.14364243,50.81734085,72.18219757,48.91236496,46.12388229,77.50856018,87.58718109,25.45321083
20/3/2020,37.68107605,38.94404221,21.634552,17.49598503,48.27225113,68.87444305,45.74472809,42.46522903,74.53071594,84.98376465,24.01212883
23/3/2020,35.76018524,39.15087128,20.15996933,16.47800446,46.15789795,68.24530792,44.39099503,40.29828644,70.65969086,85.12380219,22.67782211
24/3/2020,39.96561813,41.55897141,23.39309311,18.52142715,51.99743652,75.23464203,46.65481567,44.63037872,76.10451508,93.10811615,24.65523148
25/3/2020,40.89809036,40.91809464,24.49645615,19.02528572,54.73265076,75.1377182,46.52702332,45.76945496,77.11773682,94.74194336,25.75082207
26/3/2020,42.81896973,43.24850845,25.99327469,20.21961403,58.18714905,79.79078674,49.07381439,49.67102814,82.24059296,98.66114807,27.72822762
27/3/2020,41.27108002,41.52012634,24.23130798,19.60378838,55.73587418,76.18463898,48.84561539,49.94010162,80.47931671,95.35461426,27.79948616
30/3/2020,42.58585358,43.03488922,24.47935295,19.97701454,56.54981613,79.39333344,50.75343323,51.78774643,84.24809265,97.3482666,28.52097321
31/3/2020,41.99840164,42.95721054,24.85569763,19.42650414,55.84944916,77.91017914,49.72193527,49.6979332,83.87879181,95.3837738,27.61243248
1/4/2020,40.10549164,41.24824905,23.62403488,18.24150848,53.33190918,74.1973877,48.88212585,46.71121979,80.68764496,91.12420654,25.93787193
2/4/2020,40.71160507,41.77257919,25.78799629,18.6987133,54.04174423,75.93261719,50.13270569,48.17318726,82.9223938,91.46459198,26.3208828
3/4/2020,39.73250961,40.92781067,25.51429367,18.32548332,53.32244873,74.75963593,50.52523041,46.45111084,82.17431641,89.86966705,26.09820366
6/4/2020,42.68843842,43.62720108,26.86570549,19.64110947,57.01357269,81.13825989,52.40565872,50.03875732,86.48284149,97.3482666,27.98653603
7/4/2020,43.82604218,43.94763947,27.4387722,19.83705902,56.88105774,80.41120148,51.80318832,49.410923,85.77263641,98.79730988,27.99544334
8/4/2020,45.9707222,44.88951111,29.26916504,20.70480919,58.94430923,82.5729599,52.56996536,52.10166168,89.30467224,101.9093323,30.09755135
9/4/2020,47.94756317,45.21965027,29.00401497,21.81516457,59.8339653,82.59233093,53.06290054,54.55920792,89.79707336,103.7473907,31.64741325
13/4/2020,46.89386749,45.28761673,28.90992737,21.02205467,58.08305359,82.7765274,52.67037964,52.82815933,89.01113129,103.7182159,30.19553566
14/4/2020,47.49996948,46.62760544,28.77307892,21.11536026,59.19038391,86.24695587,54.90682602,54.37982559,91.96554565,107.7735748,31.20204926
15/4/2020,45.31799698,46.19064713,27.4216671,20.20095253,57.55304337,84.36633301,54.03963089,52.58599472,91.49208069,105.4103622,29.99958038
16/4/2020,45.05690765,46.37514114,26.24987411,19.84638786,57.04196167,85.39389038,54.39562988,52.59496689,93.49008942,106.6746445,29.80361366
17/4/2020,46.86589432,47.00629807,29.03822899,20.89142227,59.72039032,86.52807617,55.22630692,54.2901268,95.4312973,109.8255768,30.7655983
20/4/2020,45.70962906,46.57905197,28.13158417,20.52752495,58.13035965,85.14185333,54.14003754,52.23619461,94.67375183,107.9097366,29.62547112
21/4/2020,44.58134079,45.11284637,27.63549805,19.86504936,56.75803757,81.57449341,52.98986435,51.37515259,91.79509735,105.108902,29.18901634
22/4/2020,45.45786285,46.32659149,28.61911583,20.0796566,57.35429001,84.71533203,53.50104904,52.87301254,93.19654846,107.3748627,29.69673157
23/4/2020,45.77490997,46.65673065,29.54286575,19.99567795,57.80857849,84.13367462,53.02637863,51.98506165,93.70788574,107.3456802,29.35824966
24/4/2020,46.49291229,47.24903488,29.6112957,20.28492546,58.27233124,85.9173584,53.59233856,52.30794907,94.96730042,109.1642532,29.46513939
27/4/2020,47.73309326,47.63744354,30.25278473,20.9753952,59.72039032,86.65409851,53.74751663,52.85507202,96.18884277,111.2065277,30.3202343
28/4/2020,48.61893463,46.77325058,30.94559669,21.19934082,60.83718491,85.50052643,54.04875183,53.05239105,94.24764252,111.644165,30.34695435
29/4/2020,49.85912323,49.03569031,33.23786926,21.81516457,62.00131226,89.00971985,53.8205452,52.5680542,94.87260437,114.1046143,30.42712021
30/4/2020,48.37649536,48.82207489,32.502285,21.26464844,60.77092743,88.61229706,53.18156052,51.35721588,94.43702698,113.3946762,30.21334267
1/5/2020,47.36010742,48.14237213,30.66333771,20.58350945,58.93484116,86.17912292,52.59735107,50.11949158,92.63787079,109.1545258,29.28699493
4/5/2020,47.52795029,48.42395401,31.72394371,20.39689445,58.18714905,87.32299042,52.56996536,50.4961853,92.59051514,109.7477646,29.26918221
5/5/2020,47.64917374,48.67642212,31.74959946,20.33157921,58.41430664,88.52503967,52.61560822,50.9087677,94.59799957,110.146492,29.45623207
6/5/2020,46.82860184,48.54048538,30.91993713,19.8930378,57.60982895,89.21331024,52.04052734,49.17772675,93.66054535,110.1270447,28.91288567
7/5/2020,47.78904343,49.45323181,31.72394371,20.35957527,58.28179932,90.55104828,51.89447021,49.37504578,93.65106201,111.8581085,29.17119789
8/5/2020,48.93597794,50.35626602,33.16944122,20.79811478,59.72985458,91.87913513,53.05376816,50.37062454,94.13399506,114.0365372,29.70563126
11/5/2020,48.19000244,50.38538361,32.58782196,20.39689445,58.98216629,92.48986053,52.98073578,50.15535736,95.75326538,113.7836838,29.34934616
12/5/2020,47.45334625,49.40467834,32.01475143,19.86504936,57.32589722,90.58015442,52.5334549,49.71587753,94.29499054,111.2940598,28.10233116
13/5/2020,46.45560837,48.55989075,30.56070328,19.27721405,55.8873024,89.01943207,52.05877686,49.29432297,93.27230835,109.3782272,27.65696716
14/5/2020,47.02440643,49.08423996,30.90283585,19.77173996,56.47410202,90.15362549,51.93098068,49.82349777,94.29499054,111.0120316,27.69259834
15/5/2020,47.4346962,49.76394272,30.78309059,19.64110947,56.27533722,90.60922241,52.38740158,49.15979004,95.09040833,112.3054733,27.59461975
18/5/2020,49.59803009,50.8126297,33.29773712,20.64882469,59.98539734,92.82914734,53.2180748,51.177845,95.87634277,116.5553284,28.93961334
19/5/2020,49.12247086,50.8029213,32.36543655,20.14496803,59.2187767,92.48986053,52.24134445,50.3347435,94.72109222,116.1371613,28.37845421
20/5/2020,49.90574265,52.21088409,33.65697861,20.5928421,60.32611084,94.5158844,52.86207199,50.61278534,94.83473206,117.6542664,28.64567184
21/5/2020,49.43017578,51.84189224,33.11811829,20.52752495,60.46807861,93.19750214,52.27786255,50.10154343,94.13399506,118.0724487,28.50316048
22/5/2020,49.35558319,52.15260696,32.91283798,20.45288086,60.42075348,93.53679657,52.46043015,50.65762711,94.33285522,117.8973999,29.12666321
26/5/2020,50.70767212,52.29826355,33.82803345,21.51658058,62.95720291,93.43985748,52.74339676,50.98949051,94.16240692,119.7646332,30.05301476
27/5/2020,51.22052765,52.66724777,34.26425552,22.44964981,65.05830383,93.97303772,53.53757477,51.59938812,95.13775635,121.8166275,30.69433594
28/5/2020,51.69608688,52.1720314,33.30628967,22.09508133,64.44313049,93.78882599,54.01223755,53.12414551,96.37822723,120.3384018,31.04171753
29/5/2020,51.70541763,52.45363235,33.15232849,21.843153,64.04560852,94.97150421,54.06701279,53.53672028,97.54294586,120.7760315,30.86357307
1/6/2020,52.0597496,53.05565262,33.73394775,22.09508133,64.18759155,94.94242096,54.44126892,54.17353058,96.57706451,121.9235916,31.4781723
2/6/2020,53.00154114,53.26926422,34.6748085,22.27236748,65.02044678,95.83426666,54.58732224,54.52332687,97.13575745,122.9641876,31.68304062
3/6/2020,54.20442963,53.4343338,35.69264603,23.10280037,67.55690765,96.58068085,54.6603508,55.17807388,96.94638062,125.2884979,32.44015884
4/6/2020,54.40024185,53.03623199,35.70119095,23.60665512,68.27620697,95.78579712,54.39562988,54.19146729,96.17938232,124.6563416,31.83446121
5/6/2020,55.78962708,53.90041351,38.35270309,24.48373985,70.78427124,98.30621338,55.15328217,54.88209152,97.73233032,127.6419678,33.00130463
8/6/2020,55.86423111,54.91026306,40.08044815,24.95027924,72.20394897,98.8006134,55.74662399,56.35302734,98.40466309,129.5869293,33.72280121
9/6/2020,55.18352509,54.77432632,38.57507324,24.41842842,70.40569305,99.26592255,55.29021072,55.22291565,97.38195801,128.5755768,33.33087921
10/6/2020,54.55876541,54.60925293,36.6762619,23.50401878,68.72104645,100.9235764,55.13502502,54.90003204,97.23046112,127.3696747,32.70737457
11/6/2020,50.34400177,52.09435654,33.22076035,21.58189583,63.89418411,95.1362915,53.04463959,52.75641251,91.82350159,120.6982498,30.68542671
12/6/2020,51.32309723,52.55072403,34.05897903,22.23504066,65.1340332,96.3674469,53.05376816,52.62187195,92.42007446,121.8944168,31.65632439
15/6/2020,51.86392212,53.39550018,34.16161346,22.5429554,65.77761841,97.29806519,53.66536331,52.98063278,92.62839508,123.051712,32.05715179
16/6/2020,52.94559479,53.83245468,35.14523697,22.89752769,67.06477356,99.37254333,54.5051651,53.22279739,94.91048431,125.6385956,32.59157944
17/6/2020,52.50734329,53.90041351,33.94777679,22.55228996,66.5820694,99.35316467,54.42301559,53.06135178,94.81578827,125.3079529,32.20857239
18/6/2020,52.54462814,54.07519913,34.36689377,22.52429199,66.33600616,99.7990799,54.70599747,53.05239105,94.49385071,124.850853,31.80773926
19/6/2020,52.38611221,53.92955399,33.84514999,22.37500572,65.52207184,99.11080933,54.42301559,51.56351471,95.40288544,123.8783264,31.48707962
22/6/2020,52.58019257,54.04824829,34.00194168,22.2641983,65.63233948,100.9781494,54.26754379,52.06635666,95.03677368,125.1514053,31.39732361
23/6/2020,52.70207596,54.39852524,34.03659058,22.36749077,65.64185333,101.7071915,54.1847496,51.54180908,95.44567871,126.1359329,31.28063774
24/6/2020,51.16443253,53.17258835,32.14807892,21.57871056,63.36031342,99.41312408,53.27400208,51.07152176,92.95422363,123.3578033,30.48179436
25/6/2020,51.80199051,53.4060936,32.76314926,22.15151596,64.06377411,100.686554,53.65118027,50.43843842,93.86711121,123.5235214,30.8049221
26/6/2020,51.08942413,51.05151749,31.62830162,21.20310402,62.87546539,98.70352173,52.55644989,49.90484238,92.72599792,120.6284332,30.27534866
29/6/2020,52.0832634,51.99528885,32.05278778,21.4378643,64.93837738,99.78252411,53.54998016,50.84541702,93.56282043,122.9191666,30.79594803
30/6/2020,52.83334351,52.57907867,32.78913498,21.72895622,65.30912018,101.5711288,53.94556046,51.03534317,95.16040039,124.4885483,31.24473953
1/7/2020,52.945858,53.88285065,31.99214935,21.54115105,65.01441956,101.7363586,53.99155807,52.22914886,95.89259338,125.7459946,32.097435
2/7/2020,53.9397049,53.70771408,32.34732437,21.56932259,65.57531738,102.3293076,54.26754379,52.36481476,96.61532593,126.2431412,31.98972511
6/7/2020,54.70853043,54.78770828,32.44261551,21.98249054,66.51643372,104.1179276,54.53433228,51.72267914,97.59479523,129.235733,32.02562332
7/7/2020,54.72727966,54.63202667,31.41172791,21.53176308,65.24256897,103.0291901,55.0310936,51.51467896,96.74846649,127.2081757,31.50503349
8/7/2020,53.94908142,55.1185112,31.38573837,21.75712776,65.24256897,104.7108765,54.89310074,51.97592163,96.75798035,128.5631104,31.48708725
9/7/2020,53.44278336,55.18662643,29.8350811,21.29700661,63.82611465,105.0899963,54.46073532,51.2795372,95.99720764,128.4168854,31.37937164
10/7/2020,54.37099457,56.14012527,30.78800201,22.02944374,64.65319061,105.0608292,55.46347427,52.24723053,95.76899719,129.9472961,31.41526985
13/7/2020,54.37099457,55.01148605,30.62340546,22.12335205,64.91934967,102.8833847,55.38067627,52.30150604,96.31102753,128.2999573,30.92160416
14/7/2020,55.73987579,55.55634308,31.69760323,22.23602676,66.32631683,104.0693054,56.19023132,52.78987122,98.22241974,129.5768585,31.22678375
15/7/2020,56.67747116,55.88715744,32.3819809,22.67736816,68.01846313,104.6331253,56.23622513,52.58187103,99.49667358,131.4289246,31.37039566
16/7/2020,56.86499023,55.98445511,32.23470688,22.67736816,68.03746796,103.3402634,56.35581589,53.25112152,99.33501434,131.0780334,31.00238991
17/7/2020,57.34315872,55.85797119,31.78423309,22.4895668,68.44625854,103.8457413,56.65940475,54.45398331,100.6948547,130.4638977,31.43322182
20/7/2020,56.846241,56.52931213,31.25579453,22.38627625,67.60967255,106.4994736,56.08903122,53.73949432,100.6758423,132.5499573,31.13702774
21/7/2020,57.34315872,56.25688934,33.14431381,22.82761192,68.50327301,105.4302063,56.57660675,53.98368454,100.6092758,132.7546387,31.14600563
22/7/2020,58.00885391,56.31525803,32.73715973,22.82761192,69.05466461,106.2759018,57.0273819,54.81574631,101.5126648,133.8951111,31.52298737
23/7/2020,57.83070374,55.40067291,32.67651749,22.84639549,68.84551239,103.5152435,57.22976303,54.87904739,101.0561981,131.8870697,31.36141586
24/7/2020,57.63381577,55.31310654,32.49459457,22.79005432,68.29412842,102.2612762,57.15617371,54.51728821,99.94361115,132.1210175,31.23576355
27/7/2020,58.46826935,55.6925621,32.52924728,22.60224915,68.57932281,103.8749008,57.44135666,53.85707855,100.6948547,132.9398499,31.6037693
28/7/2020,57.18376923,55.1185112,31.974823,22.54590416,68.10401917,102.6598129,57.65293503,54.67103195,100.5807495,131.6239014,32.24105072
29/7/2020,57.65256882,55.6244545,32.64186096,22.96846199,69.14022064,104.1470871,57.73573685,54.924263,101.6362839,132.9593506,32.85140228
30/7/2020,56.53683853,55.78013229,31.35975266,22.55529594,68.44625854,104.7303238,57.73573685,54.924263,100.9325943,132.8521271,32.58212662
31/7/2020,56.59308624,56.5585022,31.21247864,22.56468773,68.18958282,107.3451691,57.68053818,55.01470947,100.3525162,133.5442047,32.54623032
3/8/2020,56.27430725,56.60715485,31.32509613,22.63041878,68.47476196,109.989212,57.52414703,54.41780472,101.3890457,133.2614899,32.02562332
4/8/2020,57.07126236,56.96714401,32.08743668,22.53651428,68.64586639,110.2710953,58.24170685,55.01470947,100.9421005,134.3337708,32.50134659
5/8/2020,57.90572357,56.87958145,32.42529297,22.84639549,69.95776367,110.6793594,58.12211227,54.30927277,101.4080505,135.971405,32.2590065
6/8/2020,57.66194534,58.37794495,32.16540527,22.83699989,70.22394562,112.2346725,58.11291122,54.62581635,100.8660202,136.6342468,32.32183456
7/8/2020,57.85883331,58.30984116,32.20871735,23.32529449,71.42175293,110.5627213,58.42569351,55.61161041,101.1893539,136.8389435,32.76164246
10/8/2020,58.42139435,58.11524963,33.20495987,23.49431801,73.18045044,110.2516479,58.72928238,55.59352112,100.8470001,138.4765625,32.70778656
11/8/2020,58.31824875,57.24931335,33.09233856,23.76663399,73.57019043,108.2686386,58.32450867,54.39067078,100.2098846,138.2036285,32.07948303
12/8/2020,58.66518021,57.93038559,33.42152786,23.70089912,73.80784607,110.7279816,59.07885742,55.17750549,101.8930359,140.0362244,32.48339462
13/8/2020,58.65579224,58.22227859,32.77180862,23.55066109,73.41810608,110.7765732,59.0328598,55.08705521,101.7599182,139.9777374,32.10641861
14/8/2020,58.72141647,58.21255875,33.08367157,23.64456558,73.70330048,110.6987991,59.02366638,54.60772705,101.5602188,139.9679565,32.18719864
17/8/2020,58.98395157,58.28065491,32.89309311,23.25017357,73.36106873,111.4375687,59.35482788,54.53536987,102.1593094,141.7713013,32.47441864
18/8/2020,58.74017715,58.80605698,32.47726822,23.09992599,72.96178436,111.8555679,59.59402847,54.29117966,102.1307678,142.6486053,32.43851471
19/8/2020,58.57141113,58.64065552,32.10476303,23.09053993,72.77166748,111.7194901,59.12484741,54.12839127,101.7979584,141.9760132,31.77430153
20/8/2020,58.36513901,59.37037277,31.41172791,22.87456512,72.38191223,113.2067261,59.00526428,53.6490593,101.4746323,141.7615662,32.11539078
21/8/2020,58.02760696,59.10766983,31.21247864,22.82761192,72.67658997,114.6453857,59.15245819,53.73949432,101.5792465,142.49263,32.22310257
24/8/2020,59.04957199,59.82766342,32.07011414,23.37224197,73.98849487,115.6368942,59.65842056,54.20978928,101.1132736,144.6566467,32.26797104
25/8/2020,58.81518173,60.39199066,31.61964226,23.43797684,73.89341736,116.2201309,59.52963638,53.69428253,101.7979584,145.1342926,32.36671448
26/8/2020,59.43399429,62.4546814,30.95259857,23.32529449,73.93144989,118.5822525,59.60321426,53.09737778,101.674324,146.5672302,32.14232254
27/8/2020,59.27459717,61.69576645,31.01323891,23.71968079,74.19763184,118.6794586,59.97120667,53.26921463,102.4731216,145.7776031,32.57315826
28/8/2020,59.97779465,61.84170532,31.56766319,23.81358719,74.90110016,119.719574,60.504776,53.42296219,102.7013245,146.7329254,32.82447815
31/8/2020,59.05895615,61.54982376,30.88329506,23.53187943,73.96946716,120.0986633,60.32998657,53.58575058,102.9485703,146.3040009,32.53725052
1/9/2020,60.71849823,62.0557518,30.67538261,23.59760857,74.72047424,122.3927536,60.39438248,52.97076035,102.0261765,147.8344116,32.48339462
2/9/2020,62.0967598,63.37900543,30.52811623,23.93565369,75.95632172,123.4814682,61.48911285,54.61676407,104.0706787,149.8814392,33.21043396
3/9/2020,60.38095474,61.22873688,30.30287933,23.56943893,73.82688904,116.443718,60.43117142,54.00177765,101.2368927,145.1245728,32.65393448
4/9/2020,60.41846466,60.10983276,30.20758629,23.74785423,73.99799347,114.8203583,60.29318237,53.69428253,100.514183,143.447937,32.53725052
8/9/2020,59.28396988,58.52389526,29.10739517,23.13748932,72.61006165,109.6295319,59.02366638,53.39583588,98.85952759,141.5665894,32.12437439
9/9/2020,60.81225204,59.22443008,29.30664253,23.37224197,73.73181152,113.2067261,59.87920761,54.10125732,100.6092758,144.2374878,32.47441864
10/9/2020,60.24032211,58.34876251,28.23244286,23.04359055,72.79068756,110.6502075,59.14326096,53.16973114,99.06876373,142.1709747,32.01665497
11/9/2020,61.00914764,58.16389847,28.25842667,23.20322227,73.77935028,109.8045044,59.47443008,53.29634094,99.45864868,142.3854218,31.90894508
14/9/2020,61.89049149,58.38767624,28.47500038,23.52248955,74.77752686,112.1083069,59.86080551,54.02890778,100.8850403,143.8963165,32.68983841
15/9/2020,62.19051361,59.42875671,28.26709366,23.20322227,74.8250351,113.2164536,59.77801514,54.39067078,101.0181808,145.0758057,33.12068176
16/9/2020,62.23740387,58.78659058,29.40192986,23.46614838,75.58555603,111.4667358,59.51123047,54.3183136,100.8470001,144.2667389,33.33609772
17/9/2020,62.69682312,57.70660019,29.44525337,23.22200394,75.73767853,110.5432663,59.13404846,53.87516403,100.514183,142.239212,32.60007858
18/9/2020,61.61858368,57.15202332,29.11606216,23.17505264,74.89160156,108.638031,58.59128571,52.92554092,100.36203,140.2604065,31.953825
21/9/2020,59.54428101,56.48315048,28.1509819,22.5943737,72.4055481,109.5411224,58.14430237,52.596241,98.50797272,138.2344208,31.09869957
22/9/2020,59.65731812,57.57517624,27.86040115,22.40553856,73.12130737,111.2752304,58.48671341,52.92462921,98.29792023,141.1552124,31.46892357
23/9/2020,57.90519714,56.20039368,26.60122299,21.90512085,71.81385803,107.8070221,57.6075592,52.11277771,97.28592682,138.8400726,30.56594276
24/9/2020,58.31967163,56.30764771,26.59242058,21.95233154,71.91884613,108.411026,58.03325272,52.69658279,96.7990036,138.7814636,30.71041298
25/9/2020,58.83778,57.05841064,26.57481194,22.1789341,72.99723816,111.0024567,58.33864975,53.56315231,98.35520172,140.5886383,31.30638695
28/9/2020,59.78920364,57.81893539,27.19999313,22.70767975,74.31421661,113.1262436,58.99569702,53.69997787,99.24308777,143.5289764,31.84818077
29/9/2020,59.34646606,57.87743378,26.45153427,22.42442322,73.65573883,112.7462997,58.60702133,53.68173599,99.11898041,142.4153442,31.68564034
30/9/2020,59.94934464,57.91643906,26.37228203,22.72656441,73.4648819,113.6912842,59.31958771,54.16519165,100.7038269,143.5778046,31.84818077
1/10/2020,59.10153961,58.74520493,25.56218338,22.76432991,73.24536896,114.8895798,59.65273666,54.7124939,100.3601303,145.4533539,32.37190628
2/10/2020,59.62906265,57.58492279,25.8087368,22.94372368,74.06610107,111.9766617,59.31958771,55.36014175,99.44358826,144.8379517,32.89564133
5/10/2020,60.76888657,58.53070068,26.58361435,23.32139969,75.25901031,114.4317017,59.71752167,56.05340576,101.486702,146.7525635,33.07623672
6/10/2020,60.00587082,57.30216599,26.18736649,23.08535385,74.34287262,112.6586304,59.32884979,56.52774429,100.1405411,144.0369568,32.7963028
7/10/2020,61.55075455,57.72142792,26.55719376,23.47246742,75.98432159,114.7239609,59.96738815,56.87435913,102.0308838,147.3289337,32.88660812
8/10/2020,62.17249298,58.47219849,27.55220985,23.79349136,76.73823547,115.3182449,60.36532593,57.91424942,102.5273285,148.2960052,33.43741989
9/10/2020,62.6529007,58.82321167,27.11193848,23.8218174,77.02453613,117.0815659,60.83728409,57.90512085,103.4534225,149.839447,33.34712601
12/10/2020,62.54928589,60.37349319,27.1823864,24.08619118,77.46352386,120.2770081,61.54061127,58.26999664,104.1598969,151.8321838,33.5186882
13/10/2020,61.99349976,60.43199539,26.75972176,23.62354088,76.60463715,119.50737,61.49433517,57.86863708,103.3674774,151.8029175,32.94981766
14/10/2020,62.17249298,59.71047974,26.87419128,23.39693451,77.03408051,118.8741226,61.17969131,57.79565811,102.7660141,150.1227112,32.57056046
15/10/2020,61.99349976,59.25221634,27.19999313,23.57632828,77.31085205,118.3383179,61.21670151,57.75917435,102.0213242,150.6795502,32.72407532
16/10/2020,62.42682266,59.26197052,26.58361435,23.59521675,77.873909,117.9973373,61.23521423,58.37946701,103.0333405,149.3119354,32.60668182
19/10/2020,61.70148468,58.19919205,26.02006721,23.23641968,76.91001892,115.8345642,60.43935394,57.88687515,101.4007645,147.4754181,32.0919838
20/10/2020,61.84278488,58.61845016,26.3282547,23.42526245,77.31085205,116.2339935,60.37457657,58.23350906,101.5344238,148.6574097,32.30869675
21/10/2020,61.60727692,59.60322571,25.82634735,23.30251884,76.52828217,116.0586395,60.4301033,58.07843781,101.0284271,147.8466644,32.19131088
22/10/2020,61.94640732,59.99323654,26.89180374,23.76516914,77.15816498,115.5130768,60.40232849,58.8993988,102.5559845,148.1494751,31.96556473
23/10/2020,62.17249298,60.55874634,26.75972176,23.84070206,77.46352386,115.3864365,60.51338959,59.063591,102.9378586,149.4487305,32.17325211
26/10/2020,60.61817551,59.23271561,25.79993057,23.30251884,75.52623749,112.8826904,59.73603821,59.04534912,101.7921982,146.576767,31.78496742
27/10/2020,60.04354858,59.61297989,25.4653244,22.87763214,73.87522888,113.447731,59.57871246,58.9997406,101.0952454,146.5083771,31.37862015
28/10/2020,58.34793091,57.27292633,24.3998642,22.29224014,71.45121765,108.6351013,57.83891296,57.28483582,97.88739777,141.8780975,30.68333054
29/10/2020,59.55370331,58.71595764,25.14832878,22.46219254,72.49143982,110.4471359,57.82040787,57.43990707,97.08542633,142.7767944,31.03548813
30/10/2020,59.51602173,57.72142792,25.28921318,22.52828217,72.4055481,108.0018768,57.61681747,56.90172958,97.05678558,139.6606293,30.83683586
2/11/2020,61.49424362,57.69217682,26.15214729,22.95316505,74.36193848,108.2746429,58.53298187,58.15141678,98.80391693,140.6570435,31.59534264
3/11/2020,62.45508575,58.55020523,26.00245476,23.46302605,76.55691528,110.1841049,59.49542999,58.99062347,100.2455597,143.7536469,32.0919838
4/11/2020,61.39061356,61.07550812,26.03767586,23.1892128,75.76481628,114.4706573,59.52318573,58.10580444,104.6945572,146.811203,32.18228149
5/11/2020,63.89635849,62.25529099,26.03767586,23.75572395,77.54943848,118.0265656,59.95812225,58.62574387,104.9045715,149.6733551,32.29966354
6/11/2020,64.05648804,62.10903931,25.47412872,23.5668869,77.62578583,118.4454803,60.23574829,58.49803543,104.9427795,149.223999,32.17325211
9/11/2020,65.49776459,61.58252335,29.11076927,25.50247002,80.26929474,117.5881653,60.09694672,59.58353806,105.9261398,148.7355957,33.02206039
10/11/2020,66.27020264,61.38751602,30.05295753,25.63465309,81.68170929,115.3961792,61.28148651,60.44098663,106.2316513,148.2080841,33.20264816
11/11/2020,65.28111267,61.94328308,29.74476814,25.53079987,80.99458313,118.133728,61.80898285,60.66903687,106.0979996,149.5073242,33.45547867
12/11/2020,63.90577698,61.59226608,28.78497505,25.10591125,80.06887817,117.0815659,61.64240646,59.69299316,105.706543,147.5047455,33.11234665
13/11/2020,65.00792694,62.50879288,29.83281898,25.52135468,81.84394836,118.0752792,62.49378204,60.28591156,107.0431671,149.898056,33.87085724
16/11/2020,66.28907013,62.90855408,31.7964325,26.08786392,83.83851624,119.2151108,63.06755447,60.89708328,106.8617477,151.8615417,34.08757019
17/11/2020,66.04413605,62.68429184,32.12223053,26.05010033,83.61901855,118.5526276,62.62334442,59.70212173,106.1648178,151.2168121,34.10564041
18/11/2020,65.49776459,62.05053711,31.18885803,25.8046093,83.24681854,117.2861633,61.76269913,58.53452682,104.1885529,150.1813354,33.52772141
19/11/2020,65.77094269,62.43079376,31.6995697,25.88958549,83.45677185,118.2311401,61.92927551,57.95073318,104.1121674,150.9237366,33.58190155
20/11/2020,65.71443939,62.28454208,31.53227425,25.66298485,82.70283508,117.013382,61.54061127,57.95985413,103.873497,150.1324921,33.35615158
23/11/2020,66.26081085,62.31379318,33.76004791,26.14451599,84.08662415,116.9841614,61.55911255,57.96897507,103.606163,151.7833862,33.24780273
24/11/2020,67.90930176,63.59107971,35.49472046,27.06037521,85.55632019,118.6110992,61.97555161,58.58926392,103.9116745,154.039917,33.22974396
25/11/2020,67.20280457,63.58133698,34.66699982,26.96596146,84.90736389,118.8643951,61.9385376,58.74432755,103.5297928,154.2254944,33.31100464
27/11/2020,67.55134583,63.99082947,34.26195145,26.88097954,84.76422882,119.4976196,61.92927551,58.16053772,104.4845123,154.5576477,33.24780273
30/11/2020,66.87310028,63.76657867,32.36877823,26.32391357,84.01029968,120.2964935,61.92004395,57.32132721,104.7709122,153.6198578,32.95884323
1/12/2020,67.60786438,64.93661499,32.51847839,26.7299099,83.80033875,121.835762,62.46602631,57.72268677,105.6492691,154.7627258,33.37421799
2/12/2020,66.74121857,65.54111481,33.57513428,27.02261162,83.91484833,121.6506653,61.94779968,58.10580444,106.4416733,153.7956696,33.02206039
3/12/2020,66.27962494,65.24860382,33.92734909,27.03204918,84.13434601,121.5727158,62.10512161,57.50376129,106.3080215,154.2254944,33.2658577
4/12/2020,67.61727905,65.30712891,35.77648544,27.3625164,85.13639832,122.7905045,62.58633041,56.92909241,107.4441452,154.3720093,33.70832062
7/12/2020,67.17454529,65.71662903,34.93997574,27.17368126,84.7260437,123.1412048,62.34572601,57.24835587,106.7853928,154.0203857,33.37421799
8/12/2020,67.55134583,65.619133,35.45949936,27.16423607,85.13639832,123.5406342,62.68812943,57.07503891,107.5968933,153.697998,33.22070694
9/12/2020,67.58901215,64.8391037,35.53874588,27.09814644,85.32727814,121.1732864,62.43826675,56.9746933,107.2245483,153.5514984,32.9137001
10/12/2020,67.17454529,64.87811279,36.63061905,27.14535332,84.51608276,121.3486404,62.16064453,56.68281174,107.0431671,153.4147034,32.73309708
11/12/2020,66.78832245,65.26811981,36.20795441,26.87154007,84.71650696,121.0953522,62.29946136,56.77402878,106.6230774,152.6820831,32.75115204
14/12/2020,65.94051361,65.06335449,34.93997574,26.55995941,83.61901855,121.5337524,62.05884552,56.48212433,105.8210983,152.906723,32.51638031
15/12/2020,67.13685608,65.599617,35.62680054,27.01316833,84.78330231,123.5601273,62.20691299,57.59498215,106.9667892,154.9679108,33.08525848
16/12/2020,66.94847107,65.54111481,35.45068741,27.06037521,84.25842285,124.3979568,62.3272171,56.92909241,106.6517181,155.9838409,33.09429169
17/12/2020,67.72090149,65.37537384,35.28338242,27.13591576,84.77377319,125.3819122,62.72514343,57.3122139,107.7973938,157.0485992,33.48257828
18/12/2020,68.02233887,65.43386078,34.69342041,26.8998642,84.78330231,124.9435196,62.86395645,56.81962967,107.8833237,156.2866516,32.90465927
21/12/2020,67.66164398,64.87428284,34.02418518,27.26248169,84.27159119,125.0685043,62.18648148,56.13155365,106.8038788,154.5211487,32.60831451
22/12/2020,67.24510193,64.26880646,33.45309067,26.99668884,83.87867737,126.1524277,61.74788666,56.02117157,106.4779205,153.8556976,32.8369751
23/12/2020,67.33977509,64.63991547,34.19372177,27.44283867,84.3194809,125.1954651,61.95318985,55.91077805,106.5546188,154.1884003,32.52599335
24/12/2020,67.76579285,64.70826721,34.01525497,27.48080826,84.32907867,126.0254517,62.26113129,56.30633926,106.8613892,154.5113678,32.84612656
28/12/2020,67.50072479,65.87041473,33.80109787,27.61370277,84.43447113,127.4511414,62.75571823,56.55470657,107.1298218,156.2729645,33.11138916
29/12/2020,67.33977509,65.81181335,33.57801437,27.51877785,83.9265976,126.8457108,62.56907654,56.54550552,107.6379013,156.3218842,32.85526657
30/12/2020,68.26754761,65.3723526,34.10448837,27.64217758,84.46322632,126.7773666,62.50375748,56.83066559,107.6187363,157.2614136,33.03820419
31/12/2020,68.53262329,65.89971161,33.81895065,27.98390961,84.85614014,126.9628906,62.94234848,57.67697144,108.749939,157.349472,33.4406662
4/1/2021,67.87940216,64.92314148,33.87247849,27.60421181,82.80540466,124.8927307,62.26113129,56.22354507,108.2802048,156.0184784,32.36134338
5/1/2021,69.40361023,65.15749359,35.389431,27.72760963,83.61994934,125.7032166,62.26113129,56.21434784,109.0662918,157.1831207,32.32475662
6/1/2021,72.2437439,64.84499359,36.4691391,28.95214272,85.61316681,123.5354309,62.30778503,57.61257553,110.5618057,158.7881165,32.16926193
7/1/2021,72.78336334,65.70437622,37.00452805,29.36981964,86.08274841,126.8652344,62.12115479,56.85826874,111.9997864,161.8513489,32.26987457
8/1/2021,72.43309021,65.90947723,36.95991135,29.35083008,85.8719101,127.6854935,62.42911148,57.3366127,112.5366287,165.1885834,32.61745071
11/1/2021,72.43309021,64.73758698,37.53992081,29.445755,85.84317017,126.6308823,61.89720535,56.80307007,113.0639038,162.1057892,32.06864929
12/1/2021,73.35140228,63.69263458,38.85163498,29.74951172,86.69603729,126.0254517,61.69190216,56.4995079,111.8368149,164.5818024,32.09608841
13/1/2021,72.603508,63.91723633,38.54824066,29.73053169,85.94858551,126.8262024,61.78521729,57.60337448,112.1436005,164.5720367,32.53513718
14/1/2021,72.35734558,63.5559082,39.69041061,29.86342621,86.24565125,125.7130051,61.45861053,57.38260651,111.788887,163.524826,32.73636627
15/1/2021,71.32543182,63.76098251,38.14670181,29.36981964,85.12445068,124.4240189,61.24398041,57.94373703,112.1339951,162.2623749,33.2394371
19/1/2021,71.57158661,64.9133606,38.91409683,29.445755,85.40234375,126.0449982,60.97335815,57.72295761,112.9776154,163.1823425,33.01992035
20/1/2021,71.80825043,66.95439911,39.05687332,29.32235146,85.92941284,128.5447998,61.08534241,58.06332016,113.6007462,166.2651215,33.7059288
21/1/2021,70.75740051,67.19854736,37.73623657,29.00909996,85.25861359,130.204834,60.88004303,57.72295761,113.0639038,167.0382538,33.59616089
22/1/2021,70.4165802,67.22784424,37.53992081,28.80026436,84.81781006,129.7068024,60.72140503,57.80575562,112.728363,166.4706573,33.67848587
25/1/2021,70.04736328,67.6184845,37.15622711,28.59143257,84.242836,130.790741,61.3279686,58.96480942,113.4665222,167.087204,33.98032761
26/1/2021,69.0817337,68.53646851,36.36205673,28.36361122,83.4666214,130.8786163,61.87853241,58.37608337,113.0447311,166.9795227,34.32790375
27/1/2021,67.04627991,66.31962585,35.8712883,27.52826691,81.80879211,128.4080963,60.83337784,56.80307007,109.6127319,161.8317719,33.88885498
28/1/2021,68.20127869,66.55400848,36.29067612,28.04086494,83.0258255,128.935379,61.06667328,57.48379135,111.2136917,162.340683,33.98032761
29/1/2021,66.87588501,65.31375122,35.0860405,27.48080826,81.23381042,125.8985138,59.80689621,57.17103195,110.2742157,158.5532379,33.62360001
1/2/2021,67.66164398,66.5344696,35.33589172,27.8415184,82.07712555,129.0525665,59.86289215,57.4469986,110.6960144,162.6734161,34.38278198
2/2/2021,68.55156708,67.55011749,35.71958923,28.51549149,83.82118225,130.8004761,60.26415253,57.91613388,111.0123825,166.1281128,34.52913666
3/2/2021,68.68410492,68.45833588,37.2454567,28.67686081,83.87867737,130.3513031,60.35746765,57.73215485,110.2262802,165.1983643,34.39192963
4/2/2021,68.43795776,68.86850739,37.65592194,29.31285858,84.77947998,132.4312134,60.79605865,58.18290329,110.6864319,166.9599915,34.58401871
5/2/2021,69.6118927,69.7376709,37.97716522,29.32235146,85.27778625,132.1382751,61.36528778,58.49567032,110.8877411,168.555191,34.70292282
8/2/2021,70.18938446,70.01111603,39.56549072,29.70205498,86.006073,133.5248871,61.59859467,58.04492188,111.0219498,169.5142822,34.77609634
9/2/2021,69.66868591,70.24549103,39.14609909,29.71154213,86.22647858,133.3686523,61.54259491,58.12770844,111.1849289,168.5747528,34.93159485
10/2/2021,69.59294891,70.90957642,39.89564514,29.71154213,86.09231567,133.1733398,61.4772644,58.35768127,111.3862457,166.9109955,35.16941071
11/2/2021,69.65921783,70.98769379,39.27994537,29.61661911,85.91024017,134.638092,61.20665359,58.0265274,111.5971603,166.4510803,35.10538864
12/2/2021,70.37870789,71.2904129,39.85995483,29.92037964,86.53314209,135.3313904,61.29997253,57.60337448,112.4311752,166.6859436,35.09623337
16/2/2021,70.24617767,71.63222504,40.85935211,30.43297768,86.44687653,134.8919525,61.18798828,56.9594574,111.3191528,165.9617157,34.72121811
17/2/2021,70.20831299,71.83729553,41.46614075,30.58485603,86.20730591,133.7006531,61.41194153,57.00544739,111.7217789,166.9208069,34.74866104
18/2/2021,69.77281952,71.48574066,40.52919388,30.40449333,85.77609253,133.0463867,61.37462234,57.34581757,111.0219498,166.9697571,34.73036194
19/2/2021,71.05088806,70.7826004,41.20736313,30.76521683,87.18477631,132.8510895,60.60009003,56.49031448,109.6798401,166.0008545,34.84012604
22/2/2021,71.32543182,70.49940491,42.6350708,31.04998779,87.46266174,129.9216461,60.65607834,55.38644409,109.4210052,162.4972534,35.04135132
23/2/2021,71.57158661,71.04629517,43.34000397,31.23983574,87.73099518,129.5603485,60.7400589,55.84638977,109.2388458,161.4304962,35.16941071
24/2/2021,72.19642639,71.17323303,44.87479019,31.8473568,89.3888092,131.5426178,60.70275116,55.19327164,109.9961853,163.1235962,35.33404922
25/2/2021,70.53019714,69.62046814,44.00924683,31.26832008,87.74057007,126.943367,60.04018402,54.69652939,108.8937378,157.0558929,34.75780106
26/2/2021,69.63082123,69.89391327,42.96523285,30.67028999,86.83020782,127.6171265,59.06969452,53.68464661,107.9542618,157.7115936,34.15411758
1/3/2021,71.39172363,71.68106079,44.08063126,31.62903404,89.05340576,131.7281342,59.66691971,54.87130737,109.3634872,161.4109344,34.19070053
2/3/2021,71.7893219,71.15370941,43.83971024,31.51511955,88.79467773,129.638443,59.56427383,54.70573044,109.0471268,159.5514526,33.98032761
3/3/2021,71.07929993,70.13806915,44.48217773,31.76192284,88.89051056,126.3769913,59.28432083,54.06181335,107.6666489,155.8031921,33.55957413
4/3/2021,69.69709778,70.01111603,45.54403687,31.40121078,87.47225189,123.5842285,59.06969452,54.01581955,106.2190933,152.5051117,33.31261063
5/3/2021,71.29703522,71.65175629,47.24837112,31.99924469,89.5421524,125.9180603,60.37612915,54.89891052,108.3473053,153.4739838,33.69678116
8/3/2021,72.25321198,70.69470978,47.33760452,32.4074173,90.48126221,122.8714066,60.63742065,55.6716156,108.0788879,153.6599121,33.86141968
9/3/2021,72.69817352,71.48574066,46.50774002,32.11315155,90.10752869,127.0507889,60.58142471,56.40752411,108.7115936,159.4634094,34.2455864
10/3/2021,73.90049744,71.78849792,47.6856041,32.76813126,91.43955231,126.5430069,61.37462234,56.79388046,108.9608459,160.2757111,34.58401871
11/3/2021,74.29811859,73.14593506,47.70345306,32.67320633,91.50663757,129.247879,61.22531891,56.64668655,109.6223221,162.732132,35.09623337
12/3/2021,74.49691772,72.94083405,47.80160141,33.00544357,92.73323822,128.3202209,61.72922897,57.4101944,109.861969,163.2116699,35.6999321
15/3/2021,74.5821228,73.45845032,47.2572937,32.81559753,93.50945282,129.6872864,61.99984741,58.14610672,110.6193085,165.4039001,36.10238647
16/3/2021,73.96677399,74.22996521,45.90988541,32.47385788,92.17743683,130.6637726,62.07449722,58.21970749,110.5522156,163.6912231,36.10238647
17/3/2021,74.62947083,74.23970032,46.26681519,32.69219208,93.24114227,130.5563812,61.98118973,57.27221298,110.1495819,165.9910889,36.04750061
18/3/2021,74.21290588,73.00920105,44.18770218,32.86306,93.15488434,126.9335938,61.72922897,57.06064606,109.9195175,161.9296265,35.81883621
19/3/2021,73.84369659,73.64399719,44.19662857,32.48336029,92.44574738,126.5527878,61.94385529,57.21701813,110.3125458,162.8984985,35.3432045
22/3/2021,73.88933563,74.26326752,43.77279282,32.064785,92.3938446,129.041214,62.59779739,57.13454437,111.2726059,163.970871,35.73304749
23/3/2021,72.3491745,73.7154007,43.13251877,31.61666679,90.77896881,128.2388153,62.86048889,57.98715973,110.1470871,162.4319305,35.8439064
24/3/2021,72.87207031,71.85662079,44.21466827,31.7310791,91.4422226,126.6829071,62.61655426,58.00569534,110.0220261,160.0303802,35.6868515
25/3/2021,73.92736816,71.50442505,44.37698746,32.26501465,92.90329742,126.6046371,63.22639465,58.62662125,110.4837799,161.4320984,35.99171066
26/3/2021,75.76222229,70.7217865,45.47716522,32.77035141,94.50856018,129.8240356,64.34287262,58.82124329,112.5712891,162.7750244,36.86933899
29/3/2021,75.50553131,71.44573212,44.93610764,32.48431778,94.52778625,129.1488495,64.990242,59.45143509,113.1003876,161.8830109,36.78619385
30/3/2021,75.28687286,71.44573212,44.54833603,32.71315384,94.9411087,127.9256516,64.2959671,58.91391373,112.0806732,163.4709625,36.62914658
31/3/2021,74.91609955,71.72945404,44.24172592,32.46524048,94.63350677,129.9610443,64.0895462,59.34949112,112.3019333,164.7452698,36.4813385
1/4/2021,75.57209015,72.96211243,45.36896515,32.86569977,94.95072937,132.573761,63.77994537,59.29388809,111.9652328,166.0685425,37.06333542
5/4/2021,76.50378418,74.4980545,44.28681564,33.1231308,96.12343597,135.3137054,64.59619141,59.94261932,112.7444229,169.8423615,37.25733948
6/4/2021,76.67492676,74.68392944,44.16957474,33.05638885,95.89273834,134.7363739,64.8682785,60.25771332,112.3115463,170.5775299,37.34972382
7/4/2021,75.35341644,75.26113892,44.32288742,33.21847534,95.45057678,135.4507141,64.70877838,60.18357468,112.0614243,170.0678406,37.39590836
8/4/2021,75.44848633,75.27090454,43.7457428,33.22800827,95.68125916,137.4077911,64.77446747,60.13723373,112.2345963,170.8716431,37.21114349
9/4/2021,76.10448456,75.2513504,43.45716858,33.51404572,96.61367798,138.7288361,64.66187286,60.07236099,113.4659348,172.498764,37.26658249
12/4/2021,76.37068176,74.94807434,43.11449051,33.65706253,96.9693222,138.063446,65.00901031,60.12796402,113.5813675,173.6064148,37.48828888
13/4/2021,76.19003296,75.04590607,43.15958023,33.34242249,96.4983139,139.3649139,64.66187286,60.84157562,114.0527344,175.4394226,37.71001053
14/4/2021,76.74147034,74.2730484,44.35895157,33.54265594,96.62327576,137.8872986,64.60556793,61.1103363,114.0431137,173.7142487,37.4790535
15/4/2021,77.64464569,75.22200012,43.99823761,33.51404572,97.00777435,140.2553711,65.12159729,61.78686142,115.9959335,174.959137,38.19039154
16/4/2021,78.58584595,75.17308044,43.64654541,33.7524147,97.21923828,140.2260284,65.49687195,62.28730011,116.8617249,176.3118134,38.24581528
19/4/2021,78.22457886,74.75241852,43.60144806,33.65706253,96.81551361,139.061554,65.24356079,61.97221756,116.8906021,174.3318024,38.36590576
20/4/2021,77.47350311,74.3513031,42.44716263,33.02778244,95.74855042,137.828598,65.6000824,62.75996017,117.3427124,172.1360626,38.79086304
21/4/2021,78.8805542,74.47849274,42.9882431,33.48544312,97.05582428,139.2181244,65.92845154,62.23170853,118.7279739,174.4297943,38.96639252
22/4/2021,77.54955292,73.93064117,42.48323441,33.11359787,96.56560516,137.5839844,65.4405899,61.78686142,118.1988983,172.498764,38.80010223
23/4/2021,78.8235321,74.79152679,42.87100601,33.7333374,97.62297058,139.6389008,65.27170563,61.70344925,118.978096,174.3023682,39.02182388
26/4/2021,79.28936768,74.94807434,43.15958023,33.86682129,97.33459473,140.353241,64.5398941,61.35128784,118.5740585,175.0669403,39.1049614
27/4/2021,79.08021545,74.64480591,43.68261337,34.13379288,98.14201355,140.0107269,64.49299622,60.87863922,117.8910522,174.8610687,39.1049614
28/4/2021,79.29888916,75.32961273,45.18859863,34.26728058,97.94016266,138.7092896,64.5398941,60.79523468,117.5351181,174.6552734,38.96639252
29/4/2021,79.79325104,77.41339874,45.6935997,34.87749481,98.63225555,138.5918579,65.22480011,61.35128784,117.0637512,174.7042694,39.25276947
30/4/2021,78.94710541,76.35683441,44.53931427,34.57238388,97.97861481,136.7032471,65.28109741,61.83319473,116.7174301,175.3806,39.51144028
3/5/2021,80.12598419,75.95572662,45.76574707,34.74400711,98.98791504,136.3216248,65.81587219,61.82392502,118.04496,174.5474243,39.29896164
4/5/2021,81.00065613,75.27090454,45.79279709,35.02051163,99.42047119,133.8752441,65.47810364,61.59224319,118.1700211,172.7242279,39.05876923
5/5/2021,82.02742004,75.12417603,47.27172852,35.30654526,99.51657867,133.5523376,65.43121338,60.5542717,118.3816681,172.1851196,38.48601151
6/5/2021,82.72144318,76.00465393,47.51521683,35.83095169,100.2086868,134.8929291,66.27560425,61.01764297,118.5355911,172.5575714,38.67076874
7/5/2021,83.5390625,76.58184814,48.36289597,36.02163696,101.266037,136.0476227,66.27560425,61.20300293,119.3532791,174.1063232,39.14191055
10/5/2021,83.16827393,75.11438751,48.38093185,35.99303436,101.3621521,132.6129303,66.78224945,61.82392502,119.5071869,171.0088501,39.31743622
11/5/2021,83.44398499,74.89916229,47.13645554,35.35421753,99.86264038,132.2117157,66.20053864,61.06399155,118.218132,169.0778046,38.8555336
12/5/2021,81.34291077,73.43169403,47.36191177,34.99190521,97.46916199,128.4932404,65.31861877,59.6367836,117.1022339,163.353363,37.91324615
13/5/2021,82.58834839,73.9599762,46.78476715,35.55445099,99.29551697,130.1959076,66.23807526,60.78596115,118.160408,164.5099792,38.39362717
14/5/2021,83.5770874,75.41766357,48.23664856,36.11698532,100.6700745,133.0630493,66.52891541,61.08253098,118.7568283,167.3624268,38.75391006
17/5/2021,84.30914307,74.82090759,49.35486603,36.18372726,100.3624802,132.0845184,66.43509674,60.58208466,118.5355911,167.0585938,38.77239227
18/5/2021,83.37742615,74.05781555,48.2095871,35.67839432,98.90140533,131.0276642,66.2286911,60.57281494,118.5740585,165.7548828,38.84629059
19/5/2021,82.10349274,74.17521667,47.01021576,35.45909882,98.3438797,131.4875793,66.01290131,60.47087097,118.3720551,164.3629608,38.6984787
20/5/2021,82.15100861,75.44701385,46.93806839,35.47817612,98.56496429,134.0024414,66.6227417,60.9991188,119.6130066,166.0489044,39.17886353
21/5/2021,82.33164215,75.19265747,47.03726959,35.83095169,99.04559326,133.2685394,66.63212585,61.31422806,119.6322403,165.2157593,39.11420441
24/5/2021,83.06369781,76.56228638,47.50619888,36.00257492,99.66078186,135.6366272,66.82914734,61.20300293,119.7476807,166.8527069,39.53915024
25/5/2021,82.36016846,76.54270935,46.54127884,35.64025497,99.36280823,135.675766,66.84790802,60.46160126,119.3917465,167.3820343,39.65000153
26/5/2021,82.38868713,77.04164124,46.95610809,35.74514389,99.67999268,135.6659851,66.70718384,60.47087097,118.6991119,168.9797974,39.74239349
27/5/2021,83.0446701,77.33514404,46.99217987,36.15512466,101.0449524,134.9516602,66.29437256,60.06308746,118.4393845,169.6561432,39.69620514
28/5/2021,82.9591217,77.08078003,47.08234787,36.22186661,101.0449524,135.4311218,66.43509674,60.38746643,118.9011307,169.4208832,39.96409988
1/6/2021,84.11898041,77.12969208,48.89495468,36.44116592,101.439064,134.7657318,66.20991516,60.01676178,116.9483185,169.0974121,40.64772797
2/6/2021,83.41545868,76.89489746,49.80575562,36.49837112,101.1506882,135.6953583,66.45387268,60.33185196,116.7174301,168.3132324,41.21125412
3/6/2021,83.39644623,76.37638855,49.94103241,36.58417892,100.9296036,134.4330444,66.86667633,60.69327927,117.0733643,166.3135986,41.12811279
4/6/2021,83.5770874,77.4720993,50.27468109,36.67952728,101.256424,137.0164032,67.10123444,60.60060883,117.4485474,167.646698,41.16506195
7/6/2021,82.55981445,77.87320709,50.05825424,36.44116592,100.5547256,136.9870148,66.98864746,60.71182251,117.8718109,167.646698,41.55305862
8/6/2021,82.71192932,77.64820099,50.49111176,36.34582138,100.8142548,136.9968262,66.42572021,60.19284058,117.5062561,168.9993896,41.77478027
9/6/2021,82.06545258,77.56993866,50.1754837,36.00257492,99.78572845,137.0946808,66.10673523,60.73035812,118.6413879,168.0681915,41.82096863
10/6/2021,81.57108307,77.99060822,50.11236191,35.58304977,99.29551697,138.1025848,66.51953888,61.12886429,120.671196,168.8621674,42.24592972
11/6/2021,81.87531281,78.07863617,49.94103241,35.8118782,99.49736023,138.9245758,66.5570755,61.26787567,119.815033,169.7835693,41.9780159
14/6/2021,80.86755371,78.59715271,49.72459793,35.44002533,99.04559326,140.3336639,66.51953888,61.39762497,119.920845,169.8325653,42.21820831
15/6/2021,80.69641876,78.14713287,50.67147446,35.50677872,99.46852875,139.4725342,66.36003876,61.58296967,119.9593124,168.9307556,41.83021545
16/6/2021,79.80276489,77.46232605,50.40093994,35.46863556,98.52651978,138.7190399,65.47810364,60.65621948,119.4975662,169.0091858,41.45144272
17/6/2021,78.0249176,77.78516388,48.68754196,34.41982651,97.00777435,140.3238831,65.712677,60.98984909,120.4114456,169.6463318,41.6084938
18/6/2021,76.76048279,76.87534332,47.2446785,33.5903244,95.74855042,139.0419769,64.54929352,59.40509796,119.0358124,168.7543335,40.95259094
21/6/2021,78.35410309,77.62116241,49.25800323,34.37430191,97.85453033,140.5321198,65.28962708,60.17467499,120.4660721,170.0550537,41.76615143
22/6/2021,78.66920471,78.28761292,49.58596039,34.43173981,97.96059418,141.8065186,65.38405609,59.81043625,120.7268066,171.6551819,41.58019638
23/6/2021,78.16313934,78.20921326,49.72261429,34.49874115,97.73880005,141.6496887,64.97799683,59.17534637,120.2246323,172.9804382,41.45002365
24/6/2021,78.41139984,78.94424438,50.15077972,34.92949677,98.50058746,142.5417938,65.29906464,59.11930847,120.8426971,173.5694275,41.25476456
25/6/2021,78.42094421,79.04225922,50.41497421,35.35067368,98.69346619,142.3751373,65.79955292,59.75439835,121.3931732,174.6688843,41.55229568
28/6/2021,78.42094421,79.93412018,48.71139145,35.09222412,98.17272949,143.8652649,65.85622406,60.13731384,121.5766754,174.7081451,41.57089996
29/6/2021,78.38275146,79.50289917,48.4745369,34.9677887,97.97988129,144.9142456,65.56347656,59.16600418,121.7118683,175.1401062,41.54300308
30/6/2021,78.59280396,79.35588837,49.07579422,35.12094498,98.7416687,144.7573547,66.07339478,59.053936,121.634613,175.2775421,41.2175827
1/7/2021,79.02249146,79.94391632,49.93214035,35.39853668,99.44556427,145.0024567,65.87511444,59.69835663,122.7162399,176.269043,41.38493729
2/7/2021,79.1370697,80.50256348,49.82282257,35.36024857,99.59986877,146.9141235,66.03562164,59.79175186,123.8944168,177.8200836,41.58019638
6/7/2021,77.96263123,80.30654144,48.20123672,34.80505371,98.64524078,147.4729004,65.76177216,60.04393005,123.7785568,178.0262299,41.95211029
7/7/2021,78.77423859,80.18893433,47.41777039,34.8529129,99.62879181,148.276825,66.11118317,60.43618393,124.560791,177.9280548,42.16596222
8/7/2021,77.7048111,79.30687714,47.14447403,34.15413284,98.24023438,146.8749237,65.86565399,60.25873184,123.8751297,177.4863129,42.12877274
9/7/2021,79.2325592,80.0125351,48.1465683,35.14008331,99.79270935,148.2277832,66.24337769,60.3334465,124.3000565,179.1453705,42.68664932
12/7/2021,79.49036407,80.58097076,48.07369614,35.48469543,99.92771912,148.3454132,66.13951111,60.52957153,124.5414963,180.3724365,43.05856323
13/7/2021,78.76467896,80.37515259,47.70929337,35.10179901,98.96343994,148.9532623,66.1206131,60.07193756,124.4255753,178.212738,42.50068283
14/7/2021,78.60236359,80.31634521,46.2881279,34.93907166,98.95380402,150.0512085,66.70608521,60.59494781,124.3096924,177.8887787,42.87260056
15/7/2021,78.61190796,79.74791718,45.64130783,35.053936,99.14664459,148.8159943,66.97992706,61.27674103,123.8751297,176.9267273,42.93768311
16/7/2021,77.42790985,79.24808502,44.34769058,34.57531738,98.26917267,147.3454742,67.08381653,61.89315033,124.2131119,174.7474213,42.98418045
19/7/2021,75.76648712,78.04257965,42.7807579,33.60850906,96.21526337,145.3161926,66.88551331,60.91250229,122.9093857,172.744812,42.31472778
20/7/2021,76.62584686,78.9246521,43.35468674,34.44130325,98.9056015,147.4729004,66.90439606,61.1740036,124.4062881,175.9352722,43.07715225
21/7/2021,77.46611786,79.5812912,44.8669548,35.03479385,99.85057831,148.8944397,66.73442078,60.50156403,124.6090775,177.5550385,42.94698334
22/7/2021,77.49474335,79.85572052,44.36590958,34.65189743,99.48415375,149.9924316,66.62110138,60.59494781,125.5265198,178.3207397,42.64015198
23/7/2021,78.03901672,81.83544159,44.20192719,34.7093277,99.90843964,151.4825287,67.42376709,61.37014389,126.9751358,179.9110565,43.03067017
26/7/2021,78.69783783,82.25688171,45.29512787,34.9103508,99.86022186,151.4041138,67.53708649,61.38882446,126.1542511,181.2461243,43.03067017
27/7/2021,78.80287933,81.27681732,44.87606812,34.90077972,99.31058502,149.9727936,67.67873383,62.44419098,126.7433548,179.4103851,43.37468719
28/7/2021,79.03203583,81.91384125,45.286026,34.8529129,99.07915497,149.7865448,67.08381653,61.96786118,127.1972656,178.831192,43.11434555
29/7/2021,79.90094757,81.03179932,45.72329712,35.23581314,99.86022186,150.4825592,67.41431427,62.1359787,127.5062866,180.8436279,42.98418045
30/7/2021,80.22558594,80.75737762,44.99450302,34.95821762,99.6673584,150.384552,67.52764893,61.61296844,127.6221695,177.1230774,43.1236496
2/8/2021,79.25165558,80.57115936,44.65742493,34.9677887,98.98273468,149.8453674,67.24434662,62.08927917,127.7960358,177.6335754,43.14224243
3/8/2021,80.07281494,80.20852661,45.42267227,35.36024857,100.2748489,150.8061066,67.54652405,62.44419098,129.5729675,178.9490204,43.31890106
4/8/2021,79.30893707,80.4339447,44.19281769,35.06350708,98.91522217,151.1099854,66.6683197,62.35078812,129.022522,177.2114563,43.17943192
5/8/2021,79.19435883,81.16899872,44.69387054,35.52297974,99.37808228,151.9432831,66.98938751,63.03257751,128.4913483,178.909729,43.52345276
6/8/2021,80.34015656,81.16899872,45.1038208,36.24090576,99.84091949,151.8158569,66.98938751,62.99521255,128.3851166,177.6924591,43.44906998
9/8/2021,80.24468231,81.02198792,44.46611786,36.33662796,99.44556427,151.3256531,67.23490906,62.9765358,128.877655,177.4470367,43.25381851
10/8/2021,81.4573288,81.17881012,45.24957275,36.71952057,100.4580688,150.2375031,67.71649933,63.04190826,128.5782623,178.1440277,42.78891754
11/8/2021,82.60313416,81.33560944,45.60487366,37.14070511,101.7598343,150.2570953,67.94312286,63.63030624,127.3034973,178.6642914,43.02136993
12/8/2021,82.4694519,81.48262024,45.55931854,37.20771408,101.5669785,151.1197968,67.90537262,63.69568634,128.3078766,178.7428436,43.1701355
13/8/2021,82.54585266,81.53162384,45.02182388,36.93011475,101.2487717,151.9432831,68.47195435,64.14398193,129.1094055,178.2323761,43.45837402
16/8/2021,82.13525391,81.66884613,44.19281769,36.83439255,101.5959167,152.6295166,68.86856842,64.53623962,130.5773468,177.4077759,43.50485229
17/8/2021,81.18997955,80.99259949,43.73731613,36.57594299,100.4966354,151.3648834,68.90632629,64.57359314,132.1225281,173.1963959,43.58853912
18/8/2021,80.24468231,80.37515259,42.82630157,36.12604141,99.39736176,149.2767487,68.04701233,64.24671936,130.1137848,173.8148499,43.1329422
19/8/2021,79.52855682,80.3849411,41.71488571,35.85801697,98.70307922,150.7374725,68.5947113,64.50823212,130.7028809,172.7055664,43.49555969
20/8/2021,79.99642181,81.08080292,41.8059845,36.07817459,98.96343994,152.6785278,68.7080307,65.31142426,131.4465027,174.3646088,43.7001152
23/8/2021,80.68391418,82.06085205,43.37290573,36.37492371,99.77342987,154.6490326,68.4908371,64.47085571,131.4947662,176.6126404,43.53275299
24/8/2021,81.18997955,82.3254776,44.09260559,36.59508514,100.2748489,154.47258,67.97147369,64.05059052,131.0312195,177.8593292,43.20732498
25/8/2021,81.56236267,82.45288086,44.42967987,37.02583694,100.920929,154.3843231,67.85814667,64.1720047,130.6739197,178.5465393,43.16083527
26/8/2021,80.99900055,81.73744202,43.75553131,36.84397125,100.4773483,153.4138031,67.54652405,64.013237,130.1620636,176.8973083,43.18872833
27/8/2021,82.06842041,83.03113556,44.92161942,37.33215714,101.1716232,154.8941345,67.78260803,63.9945488,130.0172272,178.5072632,43.54205704
30/8/2021,81.98249054,83.5995636,44.39323807,36.80567169,101.0559082,156.5607147,68.08477783,64.08795166,130.7511749,179.8521271,44.07203293
31/8/2021,81.74378967,83.91319275,44.09260559,36.75780869,100.7762909,155.7372284,68.23587036,64.013237,130.5773468,180.2840729,44.33237839
1/9/2021,81.53372192,84.33460999,43.44578934,36.54722977,100.390564,155.776413,68.5947113,64.85379791,130.6159821,180.2742462,45.09479904
2/9/2021,82.05887604,83.76617432,44.54811096,36.67166138,101.4705658,155.6098022,68.85912323,65.44218445,132.0162659,180.2644653,45.30864716
3/9/2021,81.51462555,83.76617432,44.29302597,36.44192886,100.8534164,156.2274017,68.77413177,64.90048218,132.1611481,180.1564484,45.30864716
7/9/2021,80.9799118,83.96219635,44.0288353,36.2217598,99.10808563,156.2666016,67.98091125,64.04124451,131.3885498,180.6865387,44.80656433
8/9/2021,80.20649719,83.53096771,43.46401215,36.13560486,99.24308014,155.6685638,68.5663681,65.1900177,131.3306122,180.8927155,45.07620239
9/9/2021,80.23513031,83.11933136,43.55511475,36.24090576,98.76094055,155.0803833,68.16976929,64.83511353,129.8144073,180.6571045,44.11852264
10/9/2021,80.21604919,82.58029938,43.53689194,35.97288513,98.31738281,153.5510559,67.87703705,63.92916107,128.6265717,179.5478058,43.56064606
13/9/2021,80.19694519,82.78610992,44.78496933,36.38449097,98.5777359,153.6000671,68.04701233,63.8170929,127.8346329,179.9895935,43.80239487
14/9/2021,79.3184967,82.07066345,44.13815308,35.89630508,97.39167786,153.404007,67.73538208,63.60228729,127.8153458,179.3907471,43.70941925
15/9/2021,80.15876007,82.47248077,45.78707123,36.24090576,98.4620285,154.7470703,67.98091125,63.51823807,128.6458435,180.5491028,43.87677383
16/9/2021,79.2898407,82.39408112,45.26780319,36.13560486,97.78703308,154.8353119,67.75427246,62.98587799,128.3175201,181.3737183,43.96045685
17/9/2021,77.65707397,81.48262024,44.93072891,35.97288513,96.7456131,152.4236755,67.38600159,62.01456833,128.4430542,180.7356567,43.56064606
20/9/2021,76.16483307,79.84507751,43.55868149,35.13840103,95.63601685,149.6473389,66.71325684,61.90070343,127.1027374,176.6113739,43.26237869
21/9/2021,75.9826355,79.51128387,43.66011047,35.09033203,95.13298035,149.7062683,66.63724518,61.73130798,127.2965469,176.8768311,43.27173233
22/9/2021,76.76903534,79.47201538,45.00634003,35.67677689,95.88752747,151.7587738,66.82727814,61.69367218,127.5097809,179.2855225,43.63638306
23/9/2021,77.86231232,80.28684998,46.58308029,36.55163574,97.35797119,153.7916718,67.07432556,61.36431503,128.4304657,181.1043243,43.4213295
24/9/2021,77.74720764,80.94462585,46.93346786,36.74390793,97.56111908,153.8997192,67.10284424,61.29844284,127.9071198,181.7826843,42.92578506
27/9/2021,78.35140991,80.93479919,48.60241699,37.24383163,97.65785217,152.4069672,66.79878235,60.57385635,126.085144,182.7559967,42.21517944
28/9/2021,77.38280487,78.96152496,48.76839447,36.62854385,96.52600861,147.8894348,66.01010132,59.8116188,123.9239502,179.2363434,41.96273422
29/9/2021,77.06632233,78.89279175,48.76839447,36.65738297,96.6324234,147.7028656,66.6087265,60.59267426,124.9027786,179.4133301,42.23387909
30/9/2021,75.86755371,78.6473465,48.0307312,36.08055496,94.6492691,146.6422272,65.41149139,60.11276245,123.3715439,176.4245758,41.5606842
1/10/2021,77.07590485,79.9726944,49.6443634,36.67660904,95.9455719,148.8518524,65.58252716,60.11276245,123.4006195,177.7518158,42.00948334
4/10/2021,76.740242,78.2448349,50.45578384,36.35935593,95.42318726,145.4048309,65.37348175,60.94086456,121.5204773,176.3459015,42.05623627
5/10/2021,77.42115021,79.4131012,50.75085068,37.07077789,96.48731995,147.4769897,65.70605469,60.79029083,122.2473297,177.053772,41.72898483
6/10/2021,77.2773056,79.55055237,50.21604538,37.10922623,96.91295624,148.4394073,66.34268188,61.73130798,122.0244446,177.6141815,42.13103867
7/10/2021,78.28426361,79.89416504,50.60331345,37.33034897,97.66753387,149.7946625,66.63724518,61.40195465,123.6428909,180.3768005,42.17778397
8/10/2021,77.85269928,79.50146484,52.16161346,37.51301193,97.65785217,149.2348938,66.56122589,60.95026016,123.0226517,179.5509796,41.7196312
11/10/2021,77.86231232,78.30373383,51.96797943,37.13807297,96.87427521,148.4099274,66.54220581,60.12216568,122.0632095,178.8234253,41.77573013
12/10/2021,77.96779633,77.57724762,52.01408768,37.02270126,96.55503082,147.6439362,66.57073212,60.52680588,121.4720306,180.2391663,42.33673096
13/10/2021,78.55278778,77.94051361,51.96797943,36.811203,96.75817871,148.5474243,66.69424438,61.23257446,121.6658554,181.1239777,42.57982635
14/10/2021,80.46121979,79.04004669,52.6042099,37.42648697,98.58655548,151.8962708,67.44491577,61.98539734,123.4103088,183.0214539,43.17822647
15/10/2021,80.70098114,78.853508,52.86239624,37.98408127,99.53459167,153.1140747,67.28337097,61.80659866,124.0208664,185.8233948,43.19692993
18/10/2021,80.64343262,79.46221161,52.89927292,37.99369812,99.60231018,154.4103699,66.88428497,61.21375275,123.1777115,188.0944824,43.27173233
19/10/2021,81.0654068,80.22797394,53.49862289,38.3686409,100.1924286,155.9423828,66.91278839,61.98539734,124.7961884,187.5635529,43.46807861
20/10/2021,81.71753693,80.38503265,53.93199921,38.67627716,100.8212128,155.5102997,67.30237579,62.96406937,126.5793991,187.4259186,44.1319313
21/10/2021,81.50654602,80.62065125,52.93616104,38.51284409,101.0243683,156.1093597,67.21686554,62.96406937,127.0930252,190.1787109,44.27217865
22/10/2021,81.35310364,78.91242218,53.43407822,39.05121994,101.3822937,155.5692291,67.73946381,63.28400421,127.6066895,189.5003357,44.59007645
25/10/2021,82.1682663,79.25604248,54.21783829,39.00314713,101.6144791,156.079895,67.69194794,63.01111984,127.7617493,194.1997681,44.7209816
26/10/2021,82.3984375,78.54917908,54.53134155,39.03198624,100.9856873,156.5217896,67.92949677,63.34988785,128.3916779,194.2292633,44.9266777
27/10/2021,81.21884918,78.33320618,52.96382141,38.38787079,99.8054657,156.3843231,67.53043365,62.92642593,127.3740845,194.6618347,44.59943008
28/10/2021,82.02442169,78.5884552,53.34186554,38.85894394,101.0533981,157.9556274,67.76797485,63.34047318,128.4401245,197.2475128,45.25392532
29/10/2021,81.63121796,78.83388519,52.9914856,38.7051239,101.0824051,158.6332397,67.70146179,62.96406937,129.6903534,197.7587433,44.71162415
1/11/2021,81.82302856,78.96152496,53.90433121,38.72434998,101.3629608,158.3975525,67.8059845,63.18990707,129.5352783,201.3865051,44.81447983
2/11/2021,82.75327301,78.97133636,53.39719391,38.82048416,101.7015305,159.7921143,68.2620697,63.24636841,130.34935,200.0297852,45.23522949
3/11/2021,83.61637878,79.25604248,52.95459747,38.96469116,101.4790421,160.7250824,68.89871216,63.01111984,131.114975,203.6280823,45.49702454
4/11/2021,83.56842804,79.57019806,53.0283699,38.45515823,101.8853455,163.2391357,68.96521759,62.66292953,130.2136688,206.3710327,44.98278046
5/11/2021,84.22055817,80.20832062,53.7199173,38.47438812,102.9204483,164.0837097,69.36429596,63.25578308,128.7599792,207.6982727,45.08562851
8/11/2021,85.27548218,79.85490417,54.20862198,38.68589401,103.3461075,164.9675903,68.81319427,62.31476212,129.525589,204.7586823,45.07627487
9/11/2021,85.66867065,79.65854645,54.42991638,38.47438812,103.6072998,164.2899628,69.05072784,62.63470078,129.0507202,200.9736023,45.2445755
10/11/2021,85.08367157,78.75534058,52.9914856,38.40708923,103.0268707,161.5794525,69.25978088,63.1428566,129.4189911,200.2264099,45.02017975
11/11/2021,85.76457977,78.5982666,53.19433975,38.51284409,102.6012115,162.3356628,69.21226501,62.75704193,129.0409851,199.6856995,45.03887558
12/11/2021,86.40711212,79.7469101,53.06524658,38.59936905,103.4138184,164.3095703,69.21226501,62.7193985,129.6806335,200.3542023,45.05757523
15/11/2021,86.01391602,79.9726944,53.5078392,38.59936905,103.6072998,164.1426544,69.54483032,63.54750824,128.8762512,200.187088,45.31002808
16/11/2021,85.77416992,79.37384796,53.59083176,38.5609169,103.6266403,165.8710938,69.10774994,63.24636841,129.4189911,203.3429565,45.02952576
17/11/2021,85.20834351,79.06949615,52.77018738,38.11867905,103.007515,165.370224,68.95573425,63.30282974,129.6031036,204.6407166,45.32872772
18/11/2021,84.84391785,78.50009918,52.45668411,37.92640305,102.7946854,167.0201263,68.70866394,62.97348022,129.6515808,206.9609375,45.3193779
19/11/2021,84.69046783,78.2350235,50.40967941,37.51301193,102.2819824,168.2378845,68.46161652,63.33106613,128.8665619,207.8555756,45.07627487
22/11/2021,84.82473755,77.28273773,51.30408859,38.04176712,102.5625076,166.3621368,69.00322723,63.71688461,128.2850647,207.3345032,44.85187531
23/11/2021,84.91103363,77.07656097,52.88083267,38.63782501,102.7366409,165.9791107,69.45931244,63.78274918,128.4207458,205.830307,45.32872772
24/11/2021,84.30687714,77.18455505,53.39719391,38.55129623,102.6205521,167.1870575,69.25027466,63.82040024,128.3722839,206.2530365,45.93647385
26/11/2021,82.85876465,75.77085114,51.24876785,37.27266312,99.84416199,163.0132904,68.37609863,62.82291031,127.897438,200.6295013,44.6929245
29/11/2021,83.24237061,76.41879272,51.54382706,37.38802719,100.0182877,167.0888519,68.54712677,63.75453568,128.2463226,203.746048,45.25392532
30/11/2021,81.18048096,73.99388885,50.33591843,36.49394608,97.48371887,165.6943207,66.78926849,61.89128494,125.7265396,200.9932556,44.30957794
1/12/2021,80.35572815,72.28565979,49.80111694,36.090168,96.1293869,163.4257507,66.46620178,62.00421524,125.5036621,197.3654633,43.72988129
2/12/2021,81.99564362,73.5030365,51.24876785,37.16691208,98.98317719,164.9283142,67.16934204,62.79468536,126.1142273,200.1772614,44.9266777
3/12/2021,81.81343842,73.33612061,50.84305191,36.56124496,98.86708832,162.1687164,68.00552368,63.4251709,126.3467941,196.2840118,44.70227814
6/12/2021,83.01220703,74.54367065,51.59915161,37.11884689,100.5406876,163.710556,69.20276642,64.39442444,127.0639801,198.5255585,45.34742737
7/12/2021,84.27809906,75.30943298,52.80707169,37.78219604,101.5661087,169.4261627,69.35479736,64.8743515,128.701828,203.1561737,46.15152359
8/12/2021,84.63293457,75.85919952,52.79784775,37.58030319,101.8176346,170.2019958,69.13624573,64.80847168,129.6709747,203.6674194,46.3478775
9/12/2021,84.16301727,75.26033783,52.39213562,37.5033989,101.4983826,168.3655548,69.32629395,64.72377014,129.9713898,200.1379547,45.75883102
10/12/2021,84.68089294,75.29961395,52.7794075,37.54185104,101.91436,171.7438507,70.49504089,65.07196808,130.4269104,201.5339966,45.9925766
13/12/2021,84.17260742,74.90692139,51.31331253,37.13807297,100.8599167,169.1904755,71.41672516,65.8718338,131.6576843,196.3430023,46.60967255
14/12/2021,84.08630371,74.71056366,51.10123444,37.35918808,99.90219116,166.4112091,71.46424103,65.47660828,131.1246338,195.2025604,46.09542465
15/12/2021,84.26852417,75.49596405,50.85227585,37.46493912,100.7728424,170.820694,72.18638611,66.54936218,133.8091888,197.680069,46.77797699
16/12/2021,85.13160706,75.38796997,51.17499924,37.93601608,100.8212128,165.9791107,72.69949341,66.88814545,134.6038666,193.3149414,46.95562744
17/12/2021,84.06712341,75.08363342,50.13306046,37.099617,99.09927368,164.8693695,71.45472717,65.88124847,133.6638031,191.9975128,46.79667282
20/12/2021,82.5654068,74.55928802,49.51194,36.3789978,97.51161957,162.908432,71.47577667,65.94384003,132.8543701,188.8979645,46.49020004
21/12/2021,83.60637665,75.97590637,50.92229843,37.13246155,99.45368958,167.0310822,71.38011169,65.84900665,133.4089355,193.7915039,46.75424194
22/12/2021,84.27146149,76.16282654,51.24920273,37.30633545,99.73530579,169.2153625,71.82977295,66.13352966,134.9654846,197.3262482,47.21631241
23/12/2021,85.11965179,76.84161377,51.27722168,37.49953461,100.9102478,170.1599579,71.99240112,66.1240387,135.52005,200.0634613,47.07486343
27/12/2021,86.40161133,77.58926392,52.39803696,37.88593292,101.9783859,173.810318,72.75777435,66.44650269,136.9501648,202.0130157,48.03672791
28/12/2021,86.90283966,77.54992676,52.36068344,37.90525055,102.4930496,172.9050751,73.16915894,67.04402161,136.5901794,202.1016388,48.24419022
29/12/2021,87.25946808,77.16625214,52.02443314,37.85695267,102.677536,173.0526886,73.5039978,67.40440369,137.3684845,202.5053253,48.53652573
30/12/2021,86.95102692,77.4908905,51.70687103,37.78932953,102.308548,171.9113312,73.27438354,67.65100098,137.6506195,201.7766876,48.75341034
31/12/2021,87.33657837,76.41860199,51.83763123,37.72170639,102.7455063,171.0749969,73.77188873,67.88811493,137.0668945,201.2942352,48.85714722
3/1/2022,86.19921112,76.94983673,53.44413376,38.18538666,101.9007111,172.6985016,73.76231384,67.21472168,135.65625,207.0739288,48.40450287
4/1/2022,87.25946808,76.78257751,55.2934761,39.19000244,103.9496078,170.8683929,74.2598114,67.006073,133.8661652,205.8136139,48.21590424
5/1/2022,87.24982452,74.85441589,55.2841301,38.73599243,102.959137,165.6142273,74.19284058,66.96813202,132.9127502,200.2604065,46.65050888
6/1/2022,86.15100861,75.18888855,56.51703262,39.30592728,103.4349518,164.7778931,73.99192047,66.27578735,131.3756256,199.7385406,46.70708847
7/1/2022,86.07389832,75.1987381,57.29225922,39.76959991,103.4058228,163.2626343,74.06847382,66.77846527,130.7043915,196.410553,46.46191025
10/1/2022,85.19678497,74.72652435,57.1147995,39.63436508,102.2405777,163.2921448,73.48487091,66.34217834,132.0468903,195.2093048,46.18844223
11/1/2022,86.13174438,75.66110992,59.05754089,39.9821167,102.8523331,165.2501373,73.39877319,65.74467468,133.0975952,197.0899506,46.11299896
12/1/2022,86.99921417,75.75947571,59.1696167,40.01109314,103.1824799,166.0274658,73.42745972,65.95332336,132.7181854,198.3896484,46.23558426
13/1/2022,86.32450867,74.97245789,58.87073517,39.85653687,103.4058228,161.7277222,73.561409,66.27578735,130.6557312,194.4019623,46.07527924
14/1/2022,85.59196472,75.31678009,60.25307465,39.44116974,102.7843552,163.0953522,73.69535065,65.82054901,130.4319458,193.496109,45.5377655
18/1/2022,84.4642334,74.40187836,60.49591064,38.56211472,101.5996857,159.1793518,72.6333847,65.03334808,128.6029816,189.8333435,45.22656631
19/1/2022,84.25218201,74.27399445,60.05693817,37.91490555,100.4635773,156.9556732,73.09262085,65.32736969,128.0776215,186.4069061,44.64190674
20/1/2022,83.02806091,73.53617859,59.50586319,37.67341232,99.18180847,154.9287872,72.61426544,65.41271973,127.2409515,183.009964,44.24584579
21/1/2022,81.00392914,71.04727173,58.32901001,36.90062714,98.26902771,151.8491211,72.67167664,65.28943634,125.9567795,177.6438446,44.217556
24/1/2022,81.05211639,71.56864929,58.7212944,37.00688553,98.83222961,152.636261,72.43249512,64.66346741,125.5384369,179.7804565,44.31185532
25/1/2022,80.31958008,70.10284424,61.00027847,37.1614418,97.86119843,149.1039886,71.62885284,63.64866638,124.7309875,176.7379913,44.1892662
26/1/2022,79.48101044,69.07972717,60.89753342,37.25804138,97.00667572,149.9796448,71.08353424,63.12701416,124.0791397,175.8813934,43.45372391
27/1/2022,79.75090027,69.15843964,61.56069183,36.91994858,96.14246368,148.9465332,71.56188965,63.68659592,124.4001999,171.618042,42.67102432
28/1/2022,80.21355438,71.13579559,61.29916,37.40293503,96.81246948,155.4601135,72.40378571,64.4548111,126.9393616,175.3595734,44.15154266
31/1/2022,81.39912415,72.7491684,61.5700264,37.73136902,97.82235718,159.3663025,72.68123627,65.67827606,127.6690063,182.1041565,44.64190674
1/2/2022,82.65215302,73.37876129,63.76495361,38.25299835,99.17208862,159.7795563,72.61426544,64.80574036,128.0095215,183.2069092,44.34014511
2/2/2022,82.91238403,74.8445816,63.9704361,38.51381683,99.86153412,161.0783234,73.48487091,65.76363373,129.7314758,182.1140137,45.1039772
3/2/2022,81.46658325,69.8372345,63.36332703,38.08878326,98.26902771,156.4046936,73.5039978,65.46962738,129.1769562,176.5410614,44.64190674
4/2/2022,80.11715698,70.01429749,64.3533783,38.73599243,97.21060944,157.0343933,72.60469818,64.94800568,128.7099762,181.5625916,44.02895355
7/2/2022,79.72197723,68.79444885,65.17530823,38.85192108,97.2882843,155.9914398,72.73863983,64.85314178,128.4862213,181.1884613,44.03838348
8/2/2022,80.95572662,68.76493073,63.77429581,39.39286423,98.25932312,157.9199371,73.01608276,64.90058136,129.536911,183.7385864,43.64231873
9/2/2022,82.71962738,70.70293427,64.3066864,39.6440239,99.60905457,161.4226837,73.03520966,65.185112,130.5389557,186.1705933,44.69849014
10/2/2022,82.23768616,69.68966675,63.905056,39.29626465,97.97772217,157.2016449,72.25070953,63.53483963,128.4959717,182.9607544,43.4254303
11/2/2022,80.96537781,68.18451691,65.76374054,38.74565887,96.48231506,152.4001007,71.99240112,63.57278824,126.7156067,177.7029266,42.83133316
14/2/2022,80.3003006,68.19434357,64.21328735,38.31096649,96.12303925,152.3509064,71.79149628,63.03218842,125.4216995,178.7170563,42.3692627
15/2/2022,81.77502441,69.14859772,63.540802,38.83259583,97.56987762,156.3554993,71.91586304,62.73817825,126.8323364,182.7145844,42.57672119
16/2/2022,82.37263489,68.66655731,64.05449677,38.86157227,98.08453369,156.1980591,72.04981232,62.88043594,127.0269241,183.2364502,42.689888
17/2/2022,80.96537781,66.83676147,63.95175552,37.89558411,96.28811646,151.5244141,72.60469818,62.91836929,124.9839172,178.3330536,42.32210922
18/2/2022,80.83042908,66.31536102,63.55947495,37.88593292,95.49185944,149.9894867,72.73863983,62.80456924,124.0499573,177.2303009,42.1335144
22/2/2022,79.6834259,65.63657379,62.53205872,37.69273376,94.56937408,148.6021576,72.17417908,62.73817825,123.7386475,172.0610809,42.0203476
23/2/2022,78.66171265,64.53475189,63.17652512,37.03585815,92.8312149,144.8829346,71.59059143,61.67593765,123.1160126,166.3109589,41.47340775
24/2/2022,78.43038177,66.34487915,62.68149567,36.59151077,94.0158844,149.832077,70.35644531,62.16912079,123.612175,170.111557,42.19009018
25/2/2022,81.29309082,67.41717529,64.33468628,37.77001572,96.2589798,151.8688049,72.62384033,64.09440613,127.3966064,173.4789124,43.2462616
28/2/2022,80.36776733,67.33847046,65.92251587,37.20973587,96.99697113,151.5933075,71.65755463,64.42636108,126.4334946,174.6998444,42.50127792
1/3/2022,78.51712036,66.49243927,66.58567047,35.8380394,95.55013275,148.5628052,71.23659515,63.86678314,125.7330322,172.0512238,42.41641617
2/3/2022,80.24246979,67.0630188,68.10810852,36.76538467,97.58930206,151.7802429,71.99240112,64.64450836,127.6301041,175.6647797,43.17082214
3/3/2022,80.33885193,66.36454773,68.29491425,36.64946365,97.69612122,149.9698334,72.57598877,65.7826004,128.2819214,171.6869507,43.64231873
4/3/2022,80.05931854,65.41030121,70.26567078,35.96362305,97.48249054,147.3427124,72.58556366,67.23370361,128.923996,168.959549,44.0100975
7/3/2022,77.2833786,63.2361908,71.30242157,34.64987564,94.87039948,141.9508362,71.26530457,68.10623169,126.676712,160.6789703,43.20854187
8/3/2022,76.88817596,63.07878876,72.42324066,34.4470253,94.28778076,141.2621155,69.3423233,67.05348206,124.0888824,161.0137177,42.82190323
9/3/2022,79.26895905,64.96761322,70.20963287,35.71246338,95.99681091,146.850769,69.81111145,66.57927704,126.4334946,166.1927948,43.53858566
10/3/2022,79.48101044,64.48556519,72.35786438,35.41300583,95.87056732,144.2827148,69.15097809,67.02503204,126.3848495,167.3743286,43.68947601
11/3/2022,78.89303589,63.32472992,71.77877045,35.16185379,95.10345459,141.7442017,68.34734344,66.79741669,125.4411621,164.1546631,43.2556839
14/3/2022,78.77738953,62.58691025,69.63054657,35.60620499,95.42388153,139.1171112,68.71089172,66.72154236,126.3264694,161.4174347,42.99164581
15/3/2022,79.6834259,63.7870903,67.08069611,36.10851669,96.93871307,143.7907715,70.25118256,67.57512665,128.8461914,166.8229523,43.3311348
16/3/2022,80.93645477,65.54803467,66.7724762,37.12279892,98.22047424,148.4644012,70.3277359,67.451828,130.3930511,172.5140076,43.8120575
17/3/2022,82.48829651,66.25634003,69.07013702,37.58647537,99.48283386,149.5172272,70.81565094,67.73635101,132.4555054,175.3890839,44.43444443
18/3/2022,82.98950958,67.12205505,69.00476074,37.67341232,99.86153412,152.5772247,70.97829437,67.15782166,133.2727051,179.0813751,44.53817749
21/3/2022,83.67933655,66.49380493,71.78644562,37.63656235,100.0865784,152.2874451,71.06959534,67.60655212,133.1712494,177.5814972,44.30961227
22/3/2022,84.13405609,67.73648834,71.25839233,38.247509,100.6321793,154.475769,71.59817505,67.70204926,133.2005157,181.9894562,44.33806229
23/3/2022,83.74706268,66.80939484,72.48423767,37.5395813,99.66764832,152.1001129,71.02154541,67.79751587,130.8095245,179.7312317,43.83541107
24/3/2022,85.4305191,67.90414429,72.66338348,37.84021378,100.4275818,156.052948,71.52128601,68.49448395,132.3709869,181.1315308,44.17683792
25/3/2022,86.38834381,68.22962189,74.25696564,38.32509232,101.0511169,155.9642487,72.11714172,69.48743439,132.9857941,180.8159485,44.69845581
28/3/2022,86.00134277,68.44660187,72.41822815,38.21841431,101.0803375,157.8174438,72.41504669,69.93616486,133.9519348,185.6381073,45.2674942
29/3/2022,86.72696686,69.6399765,72.22962952,38.30569839,102.0156403,161.1689453,73.05895996,70.58541107,134.7424316,188.8726196,46.59526825
30/3/2022,86.43671417,69.14684296,73.06885529,38.03416824,101.8987198,159.0200348,73.10701752,71.16781616,135.0058899,186.0029755,46.3392067
31/3/2022,85.28539276,67.83512115,72.07876587,37.16137314,100.330162,156.664093,72.934021,71.09143829,133.688446,182.4332275,45.8270607
1/4/2022,86.18518066,68.33810425,72.66338348,37.06440353,99.5507431,156.2007904,73.66441345,72.0843811,134.7424316,182.6600189,46.73752975
4/4/2022,86.20451355,70.22187042,72.7576828,36.89953613,99.4240799,159.1678925,73.43377686,71.53060913,133.6201324,186.7622986,46.59526825
5/4/2022,85.51759338,69.32437134,71.61670685,36.66680145,98.01139069,155.816391,73.50104523,71.97935486,133.9031677,182.3839264,46.63320541
6/4/2022,84.5307312,68.03236389,72.04105377,36.41465759,97.25147247,152.1296997,74.43325806,73.41149139,135.9427795,177.7294006,47.32554626
7/4/2022,85.08222961,67.44061279,72.98399353,36.37586212,97.5827179,152.366272,75.3366394,73.23007965,138.5581818,178.6366272,46.93670273
8/4/2022,85.60466766,67.14472961,74.99246979,36.74437714,97.03713226,150.2370605,75.65380096,73.47834015,139.3876801,176.9898071,47.10740662
11/4/2022,85.17897034,66.27680969,72.73883057,36.57952118,96.72535706,146.4518127,75.34626007,72.47583008,136.6161652,173.7060089,46.46249771
12/4/2022,85.19831085,65.73438263,73.94580078,36.18191528,96.56948853,145.8012238,75.36547089,72.75270844,135.2889404,174.0906067,46.32023621
13/4/2022,86.45607758,66.7009201,75.04903412,36.18191528,97.47554779,148.1472626,75.78833008,72.60949707,135.9525452,178.419693,46.50991821
14/4/2022,86.16581726,65.56671906,75.29421234,35.77461243,97.36837769,144.5493469,75.76911926,72.64768982,135.2986755,175.9247894,46.24435806
18/4/2022,86.2432251,65.34973907,76.39743805,35.98796082,97.0273819,145.0224762,75.1444397,72.25624084,133.8055573,176.4572906,46.1305542
19/4/2022,87.05593109,66.6516037,75.77510834,36.48254013,98.79080963,147.7431488,76.28807831,72.72406769,135.0839844,181.5752869,47.09792709
20/4/2022,87.60740662,63.76185226,76.06742096,36.73468018,99.3266449,147.6051331,77.43173218,73.31601715,136.8991547,179.2381744,47.98943329
21/4/2022,86.17549896,61.94713593,73.65348053,36.15282059,98.31341553,145.1013336,77.36446381,72.10346985,135.3865051,177.502594,47.67645645
22/4/2022,82.95370483,60.47759628,71.85243988,35.07638168,95.89723206,141.0400696,76.15353394,70.89093781,130.4484711,173.3806,46.82289124
25/4/2022,82.72151184,61.30606079,69.47623444,35.13456726,95.89723206,143.1594391,76.48990631,70.40399933,131.3267822,174.6329498,46.6047554
26/4/2022,81.4444046,59.29407883,69.57052612,34.25208282,93.80254364,137.8265686,75.30781555,69.69748688,129.0138855,165.7972717,45.87448502
27/4/2022,82.64411163,57.97249222,70.58891296,34.22299194,94.15328217,139.8670502,75.58651733,69.36331177,128.7308807,165.8169861,45.59944534
28/4/2022,83.95023346,60.29021072,72.72938538,34.6593895,95.21524048,145.4660645,76.70133209,70.13667297,130.5070038,169.2191315,46.43404388
29/4/2022,82.26677704,58.24864578,70.86236572,33.46657562,92.69187927,139.4037628,74.61585999,68.03620148,127.1499023,160.6201324,44.19580078
2/5/2022,82.01522827,59.85625076,71.99389648,33.47626877,92.88674164,141.5231171,73.63559723,67.33922577,126.359436,162.9670868,43.0482254
3/5/2022,82.93435669,60.01405716,74.01179504,33.91266251,93.50053406,141.7695313,73.42414856,67.59701538,126.7595673,162.5628052,43.56985474
4/5/2022,85.62401581,62.0753479,77.0858078,34.95031357,96.20899963,146.7475281,75.0771637,69.10552216,129.5701599,167.3356476,44.08198929
5/5/2022,82.97306061,59.78721619,75.92597198,33.93206406,93.69538879,139.689621,73.65480804,68.3990097,127.0523224,157.9575806,42.9533844
6/5/2022,81.78302765,58.55438614,78.18904877,33.68962097,93.0621109,138.5658875,73.73169708,68.94321442,126.6522217,155.9557495,42.51712036
9/5/2022,79.19979095,57.03554153,71.72044373,32.88471603,90.81155396,133.2034302,73.7028656,68.42764282,123.3731918,149.3092499,40.53495026
10/5/2022,78.70636749,57.29197311,72.37107849,32.59378815,90.21725464,135.2340393,73.19350433,67.59701538,123.8123474,148.865509,39.63396072
11/5/2022,78.74507141,56.25639725,73.34230042,32.29315567,89.39885712,130.9657898,72.87635803,68.08393097,122.9925842,143.5305786,39.5770607
12/5/2022,78.59994507,56.86788177,73.65348053,32.0507164,89.56448364,129.6153412,72.85714722,67.39650726,124.1831894,144.5167084,39.87106323
13/5/2022,79.80932617,58.19932938,76.17114258,32.51620483,90.70436859,133.9230042,73.95272827,68.19850922,125.5006561,150.2066345,40.86688995
16/5/2022,79.66419983,57.82455444,78.17962646,32.24467087,90.57772827,132.7401276,74.28911591,68.40855408,126.4277649,146.9622803,40.53495026
17/5/2022,81.91847229,59.08697128,79.08485413,33.10775757,92.63343811,136.5845184,73.77974701,69.11508179,128.164856,150.6701202,40.97121429
18/5/2022,79.37395477,57.15389633,77.05752563,32.19618607,89.18453217,130.3349304,69.03217316,68.44675446,124.8565674,140.8187256,39.77621841
19/5/2022,79.93510437,57.07499695,76.77462769,31.98283768,88.38562775,128.9055939,67.8020401,68.30353546,125.1298141,140.9173431,39.7003479
20/5/2022,79.74159241,57.22293472,77.10466003,31.92464447,87.43084717,129.1914673,67.94618225,68.49448395,126.6522217,138.4618988,40.16506958
23/5/2022,81.20253754,58.08098221,79.14142609,32.96229935,88.86301422,132.1585693,69.3493042,69.31557465,127.7647552,139.497345,40.6866951
24/5/2022,80.73812103,56.01969147,79.44316101,32.89440918,88.81430817,130.1969147,70.4833374,70.69997406,128.14534,135.9078369,41.16089249
25/5/2022,81.09609222,56.76925659,81.08389282,33.15624619,89.33067322,131.7149506,70.50256348,70.65223694,128.1062927,139.7438507,41.38851547
26/5/2022,82.58605957,58.1500206,81.97968292,33.92235947,91.14281464,134.8791962,71.25218964,70.85273743,128.6528168,146.5974274,41.34109497
27/5/2022,84.52106476,59.39271164,83.47898102,34.49452972,93.01339722,139.4431915,72.07868958,71.96026611,130.7900543,151.6266327,42.50763702
31/5/2022,83.23428345,59.35326385,82.22486115,34.39754868,92.26320648,138.4475861,71.56934357,70.9673233,129.0431519,152.3958588,41.93858719
1/6/2022,82.40222168,58.67274094,83.56384277,33.84477997,91.69813538,138.0335541,70.63711548,70.85273743,127.1889496,150.8081512,41.48335266
2/6/2022,84.67586517,60.10281754,83.29981232,34.31027222,93.45182037,141.3752289,71.66544342,71.33011627,128.1941376,155.4232483,42.10930634
3/6/2022,83.85348511,58.80095291,84.40306854,33.81568909,93.09134674,137.9941559,70.94464874,70.98640442,126.6912613,150.877182,41.57819366
6/6/2022,84.64683533,59.09682846,84.30877686,33.91266251,93.48104858,138.0039978,70.97348785,71.30147552,126.7107773,152.3859711,41.45490265
7/6/2022,85.25637054,59.5209198,86.82643127,34.17449951,94.737854,139.6501923,71.34828949,71.73111725,128.3600464,152.0112457,41.93858719
8/6/2022,83.48583984,59.36311722,87.01501465,33.57324982,93.02314758,138.0730286,70.47373962,70.32762909,127.3451157,151.1138763,40.93327713
9/6/2022,81.51213074,57.53853607,85.09140778,32.72954941,91.19151306,134.3863373,69.41658783,68.63770294,124.4661942,148.3823242,39.99435425
10/6/2022,79.01596832,55.93092728,83.64870453,31.54643631,88.50253296,129.2210388,69.11865997,68.11257172,122.4655991,142.4655457,39.04594803
13/6/2022,75.92963409,53.28774643,79.28286743,30.6057663,85.84278107,123.493866,67.62903595,64.98096466,118.7572021,135.888092,37.16809845
14/6/2022,75.34914398,53.13981247,79.43373871,30.34393311,85.62843323,124.2725983,66.83135986,63.33877945,117.625145,135.7796326,36.90254593
15/6/2022,75.32978821,54.3331871,77.67986298,30.68334961,86.45657349,126.8946915,66.89863586,63.74932098,118.8157349,139.595932,37.74663162
16/6/2022,72.61110687,52.35079956,73.30458832,29.90753746,83.57273865,121.7293777,66.38928986,62.51769257,117.0688858,132.762085,36.84564209
17/6/2022,72.48532104,53.10035706,69.29705811,29.99481773,83.35839844,122.8432846,66.14901733,61.93528748,117.0005569,134.2116852,37.06378174
21/6/2022,73.5812912,53.47604752,72.88707733,30.59342575,84.87906647,125.9692841,67.91416168,63.11422729,120.1503525,138.0506439,37.75403976
22/6/2022,72.63632965,53.56502533,69.96929932,30.52518082,84.40935516,125.4356079,67.86574554,63.77826691,121.8163834,137.783783,38.36590195
23/6/2022,71.64264679,54.22742081,67.37573242,30.40818977,83.97879791,127.313385,69.18258667,65.27961731,124.5506363,139.9483795,39.12117386
24/6/2022,74.48731232,56.29369736,68.26250458,31.52935982,86.91443634,131.8892365,70.5381546,66.41526031,126.6184692,145.2857819,39.97204971
27/6/2022,73.87356567,55.75983429,70.26489258,31.42212105,86.7089386,130.9997406,70.34452057,66.95420074,127.0888748,143.7636261,39.8286438
28/6/2022,73.0844574,54.13844299,72.16240692,31.11014175,85.70104218,127.0761795,69.40529633,66.70397949,124.8740387,138.0210114,39.28369904
29/6/2022,72.55839539,54.30651093,69.65464783,30.93465233,85.20198059,127.3331451,69.84101105,66.75209808,125.9618683,137.912262,39.03512955
30/6/2022,71.70108795,53.65400314,68.18622589,30.66167259,85.46619415,125.6332626,69.88942719,67.49314117,125.6776581,135.8860321,39.06380844
1/7/2022,72.20768738,54.19775772,69.20648956,31.08089447,86.20987701,125.9198685,70.89642334,69.14847565,127.0888748,138.3867035,39.76171875
5/7/2022,70.7561264,55.45334244,66.46034241,30.97365189,84.91820526,127.5011368,70.44133759,66.79060364,126.3538742,141.480423,39.59918976
6/7/2022,71.20424652,55.46323013,65.32566071,30.89565849,85.40748596,128.5981903,70.64467621,67.48352814,127.2064972,141.0158691,39.57050705
7/7/2022,71.83747864,56.33324432,67.68084717,31.34412956,86.41537476,131.2567139,70.71244812,67.41615295,127.7455063,144.6531982,39.59918976
8/7/2022,71.13606262,56.06630325,67.65224457,31.27588272,86.02397156,131.3160095,70.58657074,67.19480896,128.1277161,144.6729584,39.4175415
11/7/2022,70.94122314,54.36582565,67.00385284,31.02239799,85.44661713,129.5074005,70.48976135,67.61826324,127.8042984,140.7094421,39.4175415
12/7/2022,70.80484009,54.33617401,65.69753265,30.82741165,85.18241119,127.7383423,70.28640747,67.29103851,126.177475,139.859436,39.16897583
13/7/2022,70.39566803,54.08900833,65.59264374,30.5544281,84.14514923,127.4023285,70.33482361,67.01194,124.9524536,141.0059967,38.95864487
14/7/2022,69.09998322,53.40683746,64.35306549,29.96946716,83.6656723,128.5685272,70.39292145,67.01194,124.5898438,140.8873749,38.5762291
15/7/2022,70.18135071,54.78106308,65.40193939,30.98340225,84.97691345,130.8317413,70.62530518,67.13705444,127.5984955,143.1607056,39.19765854
18/7/2022,70.34695435,54.50424194,66.89897919,30.86640549,84.46807098,129.5667114,69.93785095,66.20352936,124.9034348,143.5758362,38.81523514
19/7/2022,72.49019623,56.44199371,68.95856476,31.79259491,87.481987,133.519928,70.67371368,66.62699127,127.0300751,147.9742584,39.88601303
20/7/2022,72.61684418,57.37132263,69.6260376,31.90958786,88.15718842,135.6052399,70.19926453,65.74158478,125.7756577,150.4057312,39.68523788
21/7/2022,73.64949036,57.34166336,68.40553284,32.11432266,88.79323578,137.5126801,70.41229248,65.91481018,127.7650909,153.8453674,40.09632874
22/7/2022,73.12342072,55.35448074,67.84294891,31.92909241,88.50947571,135.6151276,70.87705994,66.81947327,127.2358932,152.9558105,40.40226364
25/7/2022,73.4254303,55.16663361,70.33164215,32.13382339,88.93022919,134.7553101,71.22563171,67.65676117,127.9023132,151.6412201,40.43095398
26/7/2022,72.92858124,54.05935287,69.69277954,31.68535042,88.45075226,132.5711517,71.06102753,68.06095123,128.5588989,146.7584991,40.50743103
27/7/2022,73.80537415,56.34313202,71.26609039,32.17282104,89.82071686,138.2736664,71.54515839,68.11871338,129.3625488,152.3133545,40.72731781
28/7/2022,75.11079407,55.7005043,71.66656494,32.40680313,91.69952393,140.3787537,72.68772125,70.5632019,130.1857605,154.9326324,42.228302
29/7/2022,76.11421967,55.73016357,74.77503967,32.86502075,93.58811188,142.5332642,72.12612152,71.16950989,129.7545319,160.9421387,42.39083481
1/8/2022,75.50047302,55.65107346,73.23033905,32.59204102,93.68596649,142.2268982,73.0266037,71.24650574,128.7941284,161.7427521,42.00841141
2/8/2022,74.73085022,55.56209946,73.05870819,32.2313118,92.69763947,141.2188263,72.44564819,71.1021347,128.3335266,160.6357269,41.45391464
3/8/2022,74.80879974,56.89677048,70.96096802,32.71878433,93.56855011,144.9743805,72.92010498,71.54484558,129.5095215,164.5498047,41.62599564
4/8/2022,74.8575058,57.14393616,68.32925415,32.61154175,93.91104126,145.6365509,72.43596649,71.69883728,128.8725128,165.2219238,41.66423798
5/8/2022,75.1205368,56.44199371,69.68325806,32.84552002,94.05783081,145.3005219,72.2713623,71.43898773,128.8235168,162.4049683,41.79808807
8/8/2022,75.53943634,56.76824188,70.045578,32.8260231,94.02846527,144.0651398,72.2326355,71.54484558,129.1273193,163.1363983,42.10401917
9/8/2022,75.16924286,56.21460342,71.27561951,32.99176407,93.68596649,142.6222076,72.12612152,72.34364319,128.735321,160.5368805,42.43863678
10/8/2022,77.30273438,57.79644012,71.79053497,33.73271179,95.74091339,146.5161285,72.65867615,72.66123199,130.136734,165.063797,43.01226425
11/8/2022,77.56578064,57.85576248,74.26013947,34.13243484,96.24976349,145.9429016,72.484375,72.65161896,129.2939301,164.2236176,42.81149292
12/8/2022,79.02707672,58.88396072,74.82271576,34.66865158,97.69800568,148.8485413,73.11375427,73.83535767,130.9501495,167.9400482,43.53807831
15/8/2022,78.97837067,59.09157562,73.3638382,34.65890121,97.93286896,149.7874146,73.83995056,74.45130157,131.606781,169.0964661,43.72928619
16/8/2022,79.41676331,59.21020889,73.19220734,34.91238403,98.37321472,149.3822021,74.67266846,74.66303253,131.253952,170.9645691,43.5572052
17/8/2022,78.32566071,58.06337738,73.80245209,34.73689651,97.59037018,148.3148499,74.4596405,74.53791809,130.4895477,169.1261444,43.43291473
18/8/2022,78.56921387,57.97439575,75.78577423,34.77589035,97.98178864,149.0857239,74.71139526,74.81702423,129.9113617,169.0767212,43.13654327
19/8/2022,77.127388,57.03517914,75.76670074,34.08369064,96.71946716,146.3777771,74.46933746,74.77851868,130.2641602,165.5876312,42.71588516
22/8/2022,75.89990997,55.40391159,75.62368011,33.33298874,94.87979889,142.2960663,73.71407318,73.75837708,128.5588989,160.9915466,41.82676697
23/8/2022,76.65003967,54.92936325,78.35073853,33.19649506,95.05593109,141.920517,73.39455414,73.3156662,126.7654877,161.4461975,41.19578171
24/8/2022,76.81563568,55.25561142,79.313797,33.37198257,95.36907196,142.0094757,73.5785141,73.54663849,126.9222641,162.138092,41.52083588
25/8/2022,78.55945587,56.33324432,79.92404938,33.88870621,96.82709503,144.4110565,73.9174118,73.99897003,128.3237,164.0753784,42.16137695
26/8/2022,76.15318298,54.5338974,78.98960114,32.87477493,93.4706955,138.2440338,72.08737946,72.86334229,124.7466431,157.8286438,41.09061813
29/8/2022,75.61738586,54.10877609,80.1815033,32.64078522,93.0499115,136.4156647,71.97119904,73.08470154,123.8744278,156.9885101,40.73688126
30/8/2022,74.38014221,53.63423157,77.463974,32.4652977,91.70931244,134.9925079,71.22563171,72.01642609,123.0512009,155.2390289,40.15369797
31/8/2022,73.46440125,53.76275635,76.75836945,32.22156525,90.93625641,133.6780701,70.78991699,71.54484558,122.2671967,153.7069855,40.01029205
1/9/2022,72.49993896,54.25708008,74.87039948,32.31906128,91.06346893,133.0257721,71.18689728,72.57461548,124.2762299,155.1105194,40.15369797
2/9/2022,72.43173981,53.22888184,76.24346161,32.06557846,90.1827774,131.2962494,70.25737,71.79506683,122.4925995,153.6872253,39.46534348
6/9/2022,72.20768738,52.56648636,75.53786469,31.98758316,90.32955933,130.4265289,69.86038208,71.97792816,122.6102066,153.3709412,39.87644958
7/9/2022,74.20478821,53.62434387,74.66062164,32.62128448,91.77780914,132.5118561,71.11912537,74.22994232,124.609436,158.0757294,40.6412735
8/9/2022,74.92570496,53.49581528,74.98482513,33.19649506,92.05180359,132.9664612,70.93515778,74.17221069,126.7752762,159.5484619,40.75600815
9/9/2022,76.05577087,54.98867798,76.85371399,33.49872971,93.24562836,135.5953674,71.63230896,74.47055817,127.8925018,162.5729828,41.14797974
12/9/2022,76.76693726,55.275383,78.26493073,33.77170944,93.80340576,137.7696381,71.91309357,75.182724,128.7451324,164.6684113,41.49215317
13/9/2022,74.0294342,52.24023438,76.29114532,32.51404572,90.27084351,130.456192,69.51180267,73.18093109,124.4918289,156.178009,39.91468811
14/9/2022,73.12342072,52.32920837,78.4460907,32.4165535,90.0947113,130.9305725,69.4827652,73.77762604,124.5604401,158.1844635,39.42710495
15/9/2022,72.15896606,52.1018219,76.42463684,32.5237999,89.15531158,127.9162292,68.90180206,71.93943787,125.2562485,157.3739929,38.56666946
16/9/2022,71.01915741,51.54817581,74.79412079,32.2313118,87.29606628,127.2046814,69.06640625,71.66996002,124.9034348,156.1088257,38.5762291
19/9/2022,72.19481659,51.84540558,74.83846283,32.59687424,88.48085785,128.2419739,69.52542877,72.63015747,124.2304535,158.3175812,38.50291061
20/9/2022,70.8232193,51.04290009,74.31793976,32.11664581,87.37965393,127.489006,69.14533997,71.57404327,122.774231,155.6334076,37.4899292
21/9/2022,69.27526855,49.79457092,73.22871399,31.45020676,86.21942902,125.4976196,68.88221741,70.59542847,120.7375031,151.9488373,36.94002533
22/9/2022,68.44252014,49.61623383,72.96845245,30.92097282,84.92156982,124.2195511,68.78475952,70.34351349,121.3770599,148.4425354,36.59271622
23/9/2022,67.04153442,48.65522385,67.93682098,30.43094063,83.32874298,122.5947342,67.61527252,69.52962494,120.7571869,145.0253906,36.13928604
26/9/2022,65.95406342,47.86262894,66.26924133,29.9507122,82.45365906,121.7426834,67.66400146,67.85339355,119.6059875,144.6985321,35.16489792
27/9/2022,66.10101318,47.60503387,67.01145172,29.82330132,82.17835236,121.9012146,66.49452972,66.71006775,119.2419357,145.1541748,34.70182037
28/9/2022,67.80570984,49.22984695,69.98032379,30.41134262,83.98749542,123.1891785,67.29367065,67.42707062,121.8493347,149.0764313,35.35784531
29/9/2022,66.80641174,48.03105545,69.98032379,30.02911377,82.53231812,119.9791718,66.18267059,64.7237854,120.8260651,143.9259796,34.37380981
30/9/2022,66.63005066,47.44651794,69.42124176,29.7546978,81.45076752,117.6806412,65.03268433,63.47387695,119.1632309,141.0932007,34.74040604
3/10/2022,68.79521942,48.77410889,73.34439087,30.55834961,83.90884399,121.3265839,66.15343475,65.33420563,121.613205,141.2318726,35.3867836
4/10/2022,71.32286835,50.27012634,76.4963913,31.69521904,86.8290329,125.3985443,67.15723419,66.71975708,124.4370651,146.164444,35.94633484
5/10/2022,70.51950836,49.88373184,78.0772171,31.45020676,86.35709381,125.8146515,66.76741791,65.23731232,124.8503113,145.3027344,35.28066635
6/10/2022,69.7749176,49.61623383,79.46525574,31.00917816,85.3640213,124.7842712,65.79283905,63.08631516,123.2563553,144.272644,34.1229744
7/10/2022,68.05063629,48.27873993,78.84835052,30.27412987,83.7318573,119.6522217,64.80853271,61.77827072,120.6489563,139.3103638,33.31259155
10/10/2022,68.19759369,48.14994049,77.22897339,30.13692284,84.02682495,117.6410141,65.04242706,61.88484955,119.8913269,138.4486237,32.93634033
11/10/2022,67.66854095,47.24837112,76.61206055,29.7546978,84.00717163,115.8378525,65.57843781,61.66199875,120.5308838,137.319519,33.24505997
12/10/2022,67.15910339,47.1889267,77.22897339,29.68609619,83.34838867,115.4811859,65.92927551,59.60789108,119.9405289,137.6760712,32.80127335
13/10/2022,69.12831116,48.32827759,80.38097382,30.91117287,85.18704987,119.067688,67.0207901,61.10002518,122.7348785,139.1815948,33.41871262
14/10/2022,66.79660034,47.53568268,77.38319397,30.39173889,83.31890106,115.7189636,65.81233215,60.21831512,121.9083862,133.9815979,32.57938385
17/10/2022,68.46211243,48.84346008,78.34711456,31.15618896,85.13787842,119.2460175,66.52376556,61.47790527,123.8663864,139.4193115,33.79496002
18/10/2022,69.80432129,49.2100296,79.03149414,31.6560173,87.19283295,120.2565689,67.39112854,62.60185623,124.55513,141.3408203,34.23874664
19/10/2022,68.98136902,49.24966049,81.36417389,31.13658714,86.57339478,119.9098129,67.07926941,61.78796005,122.813591,139.756073,33.38011932
20/10/2022,68.48171234,49.36855316,81.44128418,30.63675499,84.87240601,119.9791718,66.14369202,60.22800064,121.7706299,137.052063,33.21611404
21/10/2022,70.85260773,49.68558884,83.79324341,31.54821205,87.20265961,123.1891785,67.15723419,61.34225464,124.5059433,141.0436707,33.44765091
24/10/2022,70.44113159,50.03234482,84.18843842,31.96963882,88.36288452,124.8932571,68.36569214,61.85578537,126.9067154,141.628067,33.42835999
25/10/2022,72.18500519,51.35993576,84.27519226,32.35186386,89.55258179,127.2809448,69.26229095,63.09600067,127.8709793,145.1739807,34.75005722
26/10/2022,72.69445801,49.7351265,85.42225647,32.43026733,89.86721802,124.4474258,69.72033691,63.06693268,129.2878113,144.0052185,34.68252563
27/10/2022,72.50832367,47.37716675,85.73071289,32.69488907,90.91926575,123.0306549,69.77881622,63.57077408,128.6089172,143.4505463,34.70182037
28/10/2022,73.23329926,48.57596207,86.02951813,33.50833511,93.03321838,128.3806763,71.30886841,65.31482697,130.72435,143.5793152,35.52185059
31/10/2022,72.57689667,47.76355362,86.75245667,33.30252075,92.76773834,126.6865082,70.88980865,64.70439911,130.6161194,142.6581573,35.43502426
1/11/2022,72.76303101,47.45642853,87.59107208,33.39073181,92.67925262,125.6264038,70.66566467,64.95632935,130.6948242,141.2120972,35.37714005
2/11/2022,70.87219238,46.118927,85.48008728,32.96930313,91.04708862,121.2869492,69.43772125,64.32653046,128.4711609,135.8733978,34.45098495
3/11/2022,71.41103363,44.98948288,87.06091309,32.6360817,92.00081635,117.7202682,69.20381927,64.60751343,127.9300156,135.0612183,34.43169022
4/11/2022,73.88970184,45.2966156,88.12122345,33.23392105,93.47566986,119.8701782,70.02244568,65.00476074,128.7073059,136.1903687,34.9140625
7/11/2022,74.46772766,46.10902023,89.63457489,33.56714249,94.4785614,121.8714905,70.64617157,63.76455307,130.0848083,135.2394867,34.90441513
8/11/2022,75.75115204,46.15855789,89.72132111,33.76315689,95.30447388,123.0405655,70.85082245,64.21024323,130.7341919,134.9027557,35.11665726
9/11/2022,74.52651215,45.5343895,85.33550262,33.19471741,93.97711945,119.8404694,70.08093262,63.70641708,129.327179,130.7823639,34.73076248
10/11/2022,78.65109253,48.2886467,87.23441315,34.87062836,97.91986084,129.688446,71.72794342,66.71006775,132.6134796,140.3404541,37.39345169
11/11/2022,79.60141754,49.55679321,89.76951599,35.15483856,97.86087036,131.9077301,71.64996338,65.96399689,130.9900208,143.7080536,37.37416077
14/11/2022,79.49364471,49.35864639,89.74060059,34.65501022,97.26110077,130.7782898,71.08472443,65.17917633,131.1080933,141.4299622,36.38047409
15/11/2022,79.37608337,50.09179306,90.6852417,34.7334137,97.92970276,132.3634796,71.67920685,65.89618683,130.9408264,143.3614197,36.83390427
16/11/2022,78.60211182,49.59642029,88.83451843,34.56680298,97.22177124,130.550415,72.03005219,66.48722076,130.8817902,141.1724548,36.57342148
17/11/2022,77.84773254,49.219944,89.0273056,34.38059616,97.05462646,130.7188416,72.01055908,65.3245163,130.8227539,139.4589386,36.24541092
18/11/2022,78.36698151,49.07133102,88.32364655,34.664814,97.77239227,130.8674622,72.7804718,66.71006775,132.4068756,139.6471252,36.70848465
21/11/2022,78.63150024,48.66512299,87.12838745,34.77262115,98.08702087,129.4605865,73.47241211,67.01043701,132.4659119,137.6265564,36.96896362
22/11/2022,80.41457367,49.3883667,89.85627747,35.1254425,98.84410095,131.9671783,74.00842285,67.58209229,133.6170807,139.1815948,37.15227127
23/11/2022,80.72808075,50.01253128,88.88271332,35.27244949,99.21773529,133.136261,74.26180267,68.33784485,134.148407,141.192276,37.21015549
25/11/2022,80.69869232,49.7351265,88.55498505,35.39006424,99.60119629,132.3634796,74.31053162,68.73509979,134.9453888,141.2715149,37.43204498
28/11/2022,78.89601135,48.9425354,86.12591553,34.78242111,97.79203796,129.5299377,74.02790833,68.02780151,133.9319458,140.3998871,36.38047409
29/11/2022,79.16054535,48.96234512,87.42720032,34.98822784,98.39182281,128.261795,73.74528503,67.52396393,133.5974121,139.9541779,36.98825836
30/11/2022,81.07097626,51.03299332,87.86096954,35.58607483,100.0141525,134.7016296,75.22662354,69.20987701,136.7853394,144.7777863,37.85653305
1/12/2022,81.16895294,51.33021927,87.5717926,35.38025284,100.0436478,134.8898621,74.88552094,69.15174866,137.178894,144.7579651,37.7793541
2/12/2022,82.06047821,51.45901108,87.05127716,35.21364975,100.6139221,134.107193,75.22662354,68.8223114,137.5331116,144.5697784,37.59605026
5/12/2022,80.43416595,50.64661026,84.46797943,34.34139252,98.93260193,131.878006,74.28128815,68.43473816,136.2146606,140.3998871,36.95932007
6/12/2022,79.71897125,49.19022369,82.24134064,34.03757095,97.76255035,129.0543823,73.82324982,68.86106873,135.1815338,138.2109222,36.67954636
7/12/2022,79.54263306,48.9425354,82.04855347,33.90036011,97.63473511,128.4004822,74.13510895,68.5413208,136.2933655,137.3789368,36.7567215
8/12/2022,80.13046265,48.84346008,81.68226624,33.92976761,98.21483612,130.5008698,74.53468323,68.9870224,137.5232697,138.7061615,37.02685547
9/12/2022,79.33688354,48.98216248,79.69659424,33.84156036,97.40858459,129.6983795,73.95969391,68.62853241,135.7620392,138.1019745,36.9496727
12/12/2022,80.02268219,49.36855316,81.78829193,34.29239273,99.0800705,132.5319061,74.73934937,70.19817352,137.2084198,138.4486237,37.25838852
13/12/2022,81.12975311,50.20076752,83.3401947,34.38059616,99.45370483,134.0972748,74.63214111,70.41133118,137.6315308,138.4486237,38.07842255
14/12/2022,80.2578125,49.54688263,82.82932281,33.94936371,99.26689148,132.9678345,74.58341217,70.32413483,137.8479767,137.4185638,37.71182251
15/12/2022,77.80853271,47.61494446,82.32808685,33.28292084,96.86780548,127.9942932,73.31648254,69.47147369,135.3192749,135.1602783,37.27768326
16/12/2022,77.47544098,47.60503387,81.315979,33.0281105,96.45484924,126.3001175,72.95588684,68.28940582,133.3514404,132.634552,36.17787933
19/12/2022,76.46868134,46.49069214,81.30623627,32.93934631,95.94706726,124.6159821,72.90974426,68.01783752,132.8534851,130.5051422,35.74954224
20/12/2022,76.97156525,46.80850983,82.53327942,33.07741928,96.06561279,124.8047638,72.85086823,68.0373764,132.8238525,128.9855804,35.67148972
21/12/2022,77.64208221,47.42427826,84.10116577,33.59024811,97.87351227,126.8714294,73.5772171,68.98492432,134.5725861,131.0414886,36.03249741
22/12/2022,76.89269257,47.01707458,82.16322327,33.29438019,96.62873077,123.6720734,73.41035461,68.56488037,134.3848419,127.6745758,35.85687256
23/12/2022,77.42515564,47.47393417,84.78285217,33.48176193,97.20172119,123.8012314,73.79315186,69.26821136,134.4638977,128.5485535,36.1788559
27/12/2022,77.49417877,47.04686737,85.68852997,33.47189713,97.49810028,122.6287994,74.14651489,69.69801331,134.118103,126.4628754,36.14957809
28/12/2022,76.31091309,46.3615799,83.77006531,33.35355377,96.22368622,120.6515579,73.22384644,69.03376007,133.2486725,125.4001617,35.5739212
29/12/2022,77.1391983,47.64277649,84.64652252,33.81707382,97.40918732,123.8111725,73.53794098,69.5319519,134.701004,128.6280212,36.36423492
30/12/2022,76.59686279,47.66263962,85.18212891,33.72831345,97.02389526,123.6422653,73.174774,68.86769867,134.2169037,128.280426,36.03249741
3/1/2023,76.517975,48.278416,82.192436,33.846657,97.231361,122.469826,72.899933,68.867699,133.831589,127.515648,36.169094
4/1/2023,77.849159,49.182205,82.182693,34.389076,98.090851,122.787781,73.184586,69.492882,134.187286,129.362991,36.998436
5/1/2023,76.616585,49.251724,83.682419,34.13266,97.033775,120.40316,72.448425,67.988533,132.813965,128.161209,35.915413
6/1/2023,79.249359,50.056202,85.269783,34.89204,99.691292,123.930412,74.38208,69.356125,134.039078,131.170609,36.959412
9/1/2023,79.752243,50.135654,84.967896,34.763832,99.246719,125.371101,73.655739,69.82502,131.796341,131.965149,36.939896
10/1/2023,80.550957,50.890472,85.571678,34.961075,99.790085,126.146111,73.557587,69.844543,132.902893,133.623779,37.047226
11/1/2023,81.813103,51.25795,85.834618,35.286522,100.748375,128.332016,73.596848,70.411118,133.653763,137.22905,38.393684
12/1/2023,82.118782,51.824059,87.470665,35.355553,101.341125,129.285858,73.017723,69.932457,133.228928,137.457474,38.82299
13/1/2023,82.621674,51.992897,87.597267,35.621834,101.222572,129.653473,73.361267,69.678474,133.821701,138.748627,38.598583
17/1/2023,81.793388,51.506241,87.782303,35.385147,100.363068,130.2397,73.410347,69.580795,133.19928,138.847961,38.608337
18/1/2023,80.639694,50.880539,86.175453,34.724384,98.476143,128.560532,71.407974,67.910378,131.322128,137.040344,38.013161
19/1/2023,80.018486,51.138767,87.246689,34.320038,96.450897,127.060211,70.730705,67.226601,131.63829,134.765961,37.827778
20/1/2023,81.625748,52.737782,88.113411,34.862453,97.794472,130.498016,71.28038,67.627098,132.300232,138.033524,38.266846
23/1/2023,81.891998,53.661438,88.230263,35.2668,98.861443,133.468872,71.506126,67.646637,132.754684,140.188736,38.374172
24/1/2023,81.941292,53.512463,87.88942,35.286522,99.513474,133.409256,71.800598,67.988533,131.875381,140.029846,38.540039
25/1/2023,82.108917,53.701168,87.89917,35.562664,98.96022,133.131042,71.977287,67.070305,131.914917,140.744949,38.579067
26/1/2023,82.503342,54.535439,90.674614,35.750042,99.503586,135.257324,71.722076,67.294968,132.161896,143.625198,39.018135
27/1/2023,82.237114,54.912846,88.843788,35.750042,99.91851,135.823669,71.515945,67.294968,131.262848,146.882843,39.369381
30/1/2023,81.675056,54.048775,86.808456,35.572525,98.940468,133.230392,71.604294,66.992157,130.077286,144.380005,38.891289
31/1/2023,83.469681,54.704281,87.577789,36.055767,100.619934,135.088409,72.379715,67.490341,131.756821,147.687332,39.60355
1/2/2023,84.021866,55.349842,85.854095,36.055767,101.351006,138.267899,72.958832,67.607567,132.379272,150.488144,39.896263
2/2/2023,83.755638,58.984875,83.896667,36.154388,102.141342,142.043533,72.330643,67.754089,131.480194,155.096542,40.813412
3/2/2023,82.246971,57.802998,83.711632,36.085354,101.607857,140.861176,72.04599,66.337669,131.094879,150.319305,39.964554
6/2/2023,81.33979,57.107769,83.331833,36.075489,101.36087,139.142258,72.134331,66.904236,130.363785,150.1008,39.71088
7/2/2023,82.434319,58.170467,86.039116,36.489697,101.67701,142.619797,71.830048,66.874931,131.203568,150.448395,39.554764
8/2/2023,81.773659,56.343021,85.269783,36.272728,101.104019,140.900909,71.28038,65.751556,130.818253,149.167191,39.447437
9/2/2023,80.590401,55.111481,84.539391,35.868385,100.195129,140.125916,70.966286,64.852859,129.67218,148.889099,39.066917
10/2/2023,80.886208,54.585091,87.850464,35.986732,100.906433,139.480087,71.623917,66.142296,130.897293,147.141083,39.14497
13/2/2023,81.310211,55.359776,87.626488,36.400936,101.825203,141.894501,72.438614,66.542809,131.98407,149.29631,39.505981
14/2/2023,81.497566,55.379635,87.655701,36.203697,101.548584,142.500595,71.780968,66.259521,131.203568,151.084045,39.096188
15/2/2023,81.852547,55.886162,86.165718,36.243141,102.180855,143.166275,71.918388,66.689323,130.551498,152.851929,39.203514
16/2/2023,80.925652,55.032028,85.318474,35.87825,101.123779,140.682312,71.398155,66.181374,129.247391,149.514801,38.842506
17/2/2023,80.166389,54.972435,82.280083,35.888107,101.78569,138.923676,72.320824,66.89447,130.40332,149.544601,38.647369
21/2/2023,78.845078,53.760757,81.871063,35.148453,99.454193,135.624954,72.04599,65.644096,128.713852,144.548859,37.886322
22/2/2023,79.436707,53.87001,81.325722,35.109005,99.207214,135.426239,71.938019,65.390121,128.279144,145.283829,37.544827
23/2/2023,79.525459,53.621716,82.552757,35.138592,99.671532,137.671753,71.84967,65.048218,128.624939,145.164642,37.905834
24/2/2023,80.05793,52.876831,82.445633,35.168179,99.098534,135.21759,71.368721,65.067772,126.965134,142.88031,37.203335
27/2/2023,80.324158,53.04567,82.689095,35.158318,99.977783,135.942902,71.290184,64.628189,126.579819,144.648178,37.261875
28/2/2023,80.688995,53.135056,81.501007,35.227348,99.750565,135.644836,70.701263,63.495041,125.641243,144.548859,37.281391
1/3/2023,81.320084,52.727848,83.107841,35.109005,100.145737,134.651245,70.181038,62.449814,125.433777,142.731339,36.70573
2/3/2023,82.246971,53.224438,83.838226,34.941349,101.321365,136.310516,71.142967,63.631802,126.204391,142.254578,37.183819
3/3/2023,83.420372,54.386459,84.977631,35.493626,102.417953,139.241608,71.201859,64.716095,127.617203,145.313614,37.808266
6/3/2023,82.069481,54.386459,85.016586,35.523212,102.230255,139.907333,71.388359,65.028687,127.557922,144.250916,37.661911
7/3/2023,80.452347,53.83028,83.536339,34.606037,100.916313,138.168533,70.681633,63.963936,125.502922,142.284378,36.715485
8/3/2023,80.846764,53.860073,82.679352,34.477829,101.153412,139.311172,70.799416,64.452354,124.831108,142.026169,37.232601
9/3/2023,78.76619,52.648392,81.51075,33.077415,99.661652,137.314056,70.141777,63.934616,123.566483,138.639374,36.383747
10/3/2023,77.08989,51.903511,80.468727,32.47583,97.804359,134.899643,69.798233,62.928463,122.657555,137.25885,35.222668
13/3/2023,76.301048,51.903511,78.832672,31.19376,97.251114,135.634872,70.151596,63.89555,123.803596,137.546875,35.788574
14/3/2023,77.277245,53.373421,79.61174,31.82493,98.278557,138.764694,70.789604,64.735634,124.910141,139.880859,36.15934
15/3/2023,74.772667,53.949463,75.336578,30.976793,95.858147,138.844193,71.250931,65.614799,124.801468,139.672302,36.178856
16/3/2023,75.630524,55.16114,76.154594,31.568518,97.093048,142.739044,71.300003,66.054382,125.967285,142.194992,36.178856
17/3/2023,74.457123,54.634754,74.956779,30.552725,95.502495,142.540329,70.779785,65.419434,124.347,140.377457,35.34951
20/3/2023,75.989197,55.043072,76.457382,30.892672,96.767273,142.924713,71.761131,65.931137,125.923019,140.985153,35.728809
21/3/2023,76.910217,56.218227,79.104362,31.675642,97.888199,144.079819,71.701942,64.602669,126.686729,144.880356,35.522457
22/3/2023,75.543533,55.232288,77.421715,30.942226,96.013367,142.645889,71.041145,63.333252,124.772491,141.652618,34.225372
23/3/2023,75.454407,56.128597,76.349144,30.734097,95.735619,144.966049,70.764992,62.683781,124.534447,141.503189,34.019012
24/3/2023,76.06842,56.417408,76.644348,30.714273,96.132408,145.344452,71.968239,64.642036,126.260239,141.044922,34.893562
27/3/2023,76.632912,56.098721,78.277802,31.140448,96.935905,144.219223,72.35289,64.720749,126.775993,141.333832,34.775646
28/3/2023,76.999336,55.64061,79.488129,31.130537,97.431892,143.542084,72.481102,64.897881,126.012283,141.164459,34.657734
29/3/2023,78.068916,56.377571,80.590218,31.586443,98.850418,146.549347,72.885483,65.842575,126.359421,143.844299,35.48315
30/3/2023,78.603706,56.646461,80.944458,31.517065,99.058731,148.252136,73.09259,66.127937,127.043785,145.099548,35.944988
31/3/2023,79.881256,57.731987,81.505348,31.863955,100.368141,150.373154,73.684357,66.610123,128.402603,148.974838,36.731106
3/4/2023,80.386314,57.970997,85.195374,31.92342,100.5467,150.134171,74.069,66.157463,129.840759,147.610031,36.387177
4/4/2023,79.227623,58.150261,83.650482,31.626089,98.294907,149.307663,73.921059,66.492043,129.86058,147.370926,36.397007
5/4/2023,79.049355,57.961044,84.910011,31.586443,97.015266,147.604874,74.266258,68.214127,132.102127,144.352371,36.210304
6/4/2023,78.861191,58.688042,83.620964,31.705376,96.985504,148.441345,74.325439,68.696304,132.429428,144.382263,36.455959
10/4/2023,79.237518,58.558575,84.290085,31.774754,97.868362,148.361679,74.325439,68.55854,132.340164,145.019852,36.642666
11/4/2023,79.851532,58.409195,85.087135,32.052261,98.453629,146.96759,74.542412,68.617584,132.786499,145.248978,36.819542
12/4/2023,79.910957,57.801701,85.146172,31.982883,98.780975,146.131119,74.207077,68.548698,132.826172,142.997513,36.711449
13/4/2023,80.732933,59.006733,85.677536,32.270306,99.148003,148.849609,74.621315,68.55854,134.551971,146.155533,36.593536
14/4/2023,80.148643,58.986813,85.834976,32.58746,99.028976,148.023102,74.147903,67.790977,133.470856,146.344803,35.964642
17/4/2023,80.614098,58.648205,84.821449,32.964073,99.812637,148.560837,74.621315,68.164917,133.361771,147.38089,36.780235
18/4/2023,80.950821,58.349438,85.156013,33.063187,100.28878,149.01889,74.848152,67.810661,132.449265,147.619965,36.721275
19/4/2023,80.723045,57.911247,84.860802,33.142471,100.209419,148.590714,74.798836,68.332207,132.855927,147.480515,36.937458
20/4/2023,80.633904,57.313709,84.112968,33.043365,100.030861,147.614853,74.976364,68.312523,132.31041,145.209122,36.495266
21/4/2023,79.92086,57.453133,83.620964,32.924435,99.802711,147.136856,75.518822,68.509338,133.203064,146.813049,36.534573
24/4/2023,80.465546,57.393379,84.900169,32.845146,100.040787,146.489609,75.824562,68.853752,133.94693,146.793121,36.436314
25/4/2023,78.722542,56.497078,83.306084,32.280216,98.195709,143.362839,75.725937,68.784874,132.518692,143.884155,36.102215
26/4/2023,77.791618,55.89954,82.194153,31.972973,96.340721,145.49382,75.134178,67.171036,130.634232,143.146957,35.807419
27/4/2023,78.851288,59.146152,82.489349,32.488346,98.245308,148.58075,75.972504,67.977959,131.318573,146.922623,36.672142
28/4/2023,79.772308,59.654064,83.768562,32.874874,99.197609,150.193924,76.376877,67.879547,132.439362,147.301193,37.094677
1/5/2023,79.732697,59.6441,82.823914,32.785679,99.733276,150.283524,76.43605,67.997635,133.123718,145.84671,36.750755
2/5/2023,78.960228,58.538658,79.22245,32.042351,98.691696,148.879471,76.228943,67.171036,132.548447,145.99614,36.121864
3/5/2023,78.088722,58.309601,77.726753,31.675642,98.314751,147.624786,75.60759,66.984062,132.369934,144.84053,35.895855
4/5/2023,77.583641,57.373463,76.860825,31.269291,97.243408,146.917786,75.420197,67.495766,131.318573,143.724762,36.229954
5/5/2023,78.8909,58.090511,78.946922,32.042351,98.71154,150.602203,76.120445,67.928749,132.498871,146.633728,36.790058
8/5/2023,78.633415,58.678082,78.946922,32.091908,98.354431,150.522537,75.8936,67.722092,132.211243,147.131836,36.534573
9/5/2023,77.920364,58.309601,78.976448,31.972973,98.57267,149.367416,75.656891,67.633537,131.328506,147.09198,36.416656
10/5/2023,77.969879,58.827469,78.080994,31.794579,98.215553,151.189697,75.538544,68.253487,131.69548,147.839142,36.760578
11/5/2023,77.207314,59.415047,77.146194,31.74502,97.620369,150.512558,75.765388,67.55481,131.288818,148.52655,36.377354
12/5/2023,77.345955,59.464844,77.264267,31.616177,97.689804,150.3134,76.061272,67.928749,131.110306,147.271301,36.446136
15/5/2023,77.999588,59.743694,77.657867,31.873863,98.165955,151.558136,75.873878,67.072632,130.882187,147.460587,36.377354
16/5/2023,76.712143,59.673981,75.748909,31.576534,96.836716,151.717468,75.232803,65.586716,129.791153,146.862854,35.404537
17/5/2023,77.217224,60.400982,77.205231,32.210838,98.503227,153.738907,75.193352,65.350548,129.94986,149.921265,35.866379
18/5/2023,77.672775,61.486507,77.766121,32.448704,99.217445,156.885574,74.828438,65.153732,129.632462,152.252411,35.640369
19/5/2023,77.870842,61.157864,78.366356,32.309948,98.979378,156.815872,74.877739,65.055336,130.237473,150.977249,35.581413
22/5/2023,77.464806,61.715561,78.041634,32.369415,98.959541,157.114609,73.74353,65.075012,130.366425,150.509018,35.817249
23/5/2023,76.266487,60.948727,78.878044,31.992796,97.769165,154.794434,73.20108,64.848679,128.938187,149.134247,35.375057
24/5/2023,75.394981,60.669872,79.22245,31.576534,96.509354,153.659241,72.727669,64.425545,128.05545,148.586319,34.59877
25/5/2023,75.127586,60.669872,77.815315,31.566622,96.82679,159.554276,72.175362,63.559574,126.746239,147.918854,34.677383
26/5/2023,75.503914,61.904781,77.510269,31.824308,97.550926,164.085083,72.421928,63.559574,126.488365,151.39566,35.080265
30/5/2023,75.097885,62.004368,76.713226,31.814396,97.40213,164.96138,71.59346,63.313564,125.704811,152.411819,35.188358
31/5/2023,74.2957,61.984455,75.365135,31.477423,96.072884,163.587189,71.672363,63.894157,126.785912,151.037018,35.414364
1/6/2023,75.286041,62.821007,76.29995,31.814396,97.302933,165.250153,71.61319,63.42181,127.619041,152.820251,35.424187
2/6/2023,77.811424,62.900677,78.622208,32.508171,100.130066,166.196136,72.599457,64.081123,129.255569,156.406647,36.170998
5/6/2023,77.752007,63.06002,78.100677,32.339684,99.435677,165.240189,72.33316,64.386177,129.721725,156.874878,36.003948
6/6/2023,78.247177,63.318954,78.730446,32.746037,100.060631,165.200363,71.968239,64.336975,128.64064,158.508682,36.220131
7/6/2023,79.178101,62.611866,80.816536,32.874874,101.667625,162.73082,71.731544,65.429268,128.134811,157.432755,36.888325
8/6/2023,78.8909,62.93055,80.47213,32.845146,101.846184,164.493362,72.224678,65.714638,128.958023,159.763901,36.662319
9/6/2023,78.237274,62.95047,80.029335,32.855057,101.578354,165.309891,72.106323,65.330864,129.354752,160.590759,36.475616
12/6/2023,78.593796,63.697392,79.26181,32.845146,102.30249,168.904663,72.086586,65.212769,129.820908,163.350311,36.455959
13/6/2023,80.416031,63.906532,79.635727,33.043365,103.492867,169.930313,72.382477,65.202942,130.475525,165.043869,36.721275
14/6/2023,80.079315,64.016075,78.819,32.91452,103.215111,171.682907,72.826302,65.163582,129.136536,164.924332,36.917805
15/6/2023,80.762657,65.031891,79.684937,33.350605,104.772514,173.893539,73.556145,65.872093,131.14006,166.000259,37.075027
16/6/2023,80.960716,64.49411,79.566849,33.281231,104.603882,172.459625,73.644897,66.226349,131.130142,165.751205,37.035721
20/6/2023,79.865005,64.179886,77.785988,33.032341,103.827042,171.294113,73.084702,65.449646,130.982742,166.992981,36.637894
21/6/2023,80.123756,63.541485,78.401451,32.992519,104.404686,168.759521,73.342949,65.975388,131.002655,164.986557,36.479156
22/6/2023,79.934669,64.040237,77.349213,32.733677,103.647774,170.136581,73.77005,65.469482,131.898987,167.092804,35.963272
23/6/2023,79.287788,63.900585,76.79332,32.594303,102.860977,168.290527,73.283356,64.507278,131.460785,165.15625,35.576355
26/6/2023,80.113808,63.262177,78.173134,32.524609,103.717484,167.083115,73.382675,65.142136,130.713837,163.040024,36.370026
27/6/2023,81.248337,64.329514,78.351814,32.783455,104.962418,170.376083,73.601196,65.161972,130.41507,166.543777,36.766865
28/6/2023,80.691025,64.618797,79.145958,32.703808,104.962418,170.475861,73.104561,64.199768,129.99678,167.202606,36.866074
29/6/2023,81.706123,64.269669,80.059219,33.271271,105.978279,170.775223,73.035034,64.199768,130.843323,167.382294,37.203384
30/6/2023,82.472435,64.918053,80.575401,33.559982,106.884583,173.489426,73.670723,64.913986,132.18779,169.508514,37.39188
3/7/2023,82.780945,65.137505,80.764015,33.749138,106.904503,173.120224,74.246826,65.400047,131.102249,171.554871,37.68951
5/7/2023,80.740776,65.636261,80.317314,33.679451,106.326859,172.05249,74.117699,66.144012,131.032547,171.624741,37.878006
6/7/2023,80.15361,65.117554,78.510635,33.390739,105.530098,171.593475,73.928978,65.34053,129.986832,168.859665,37.669666
7/7/2023,80.85025,64.88813,80.198189,33.440517,105.769127,170.845078,72.965508,64.864388,128.473038,169.06929,37.491089
10/7/2023,80.830353,64.718544,80.82357,33.589851,107.273003,171.294113,72.945648,64.586639,129.488876,169.588364,37.62006
11/7/2023,81.626511,65.845734,82.600464,33.988068,108.537849,171.66333,73.054901,65.390121,129.518753,171.005844,38.046658
12/7/2023,82.701332,66.643738,83.364822,34.207092,108.348625,173.609161,73.223755,66.342407,129.170166,172.543121,38.225235
13/7/2023,83.348213,67.621307,83.047173,34.326557,108.488052,175.874329,73.53167,66.570557,129.219971,174.160233,38.483181
14/7/2023,82.860565,66.982903,80.853355,34.09758,108.16935,175.614883,73.779984,66.312645,131.162003,174.609436,38.483181
17/7/2023,82.940178,66.7435,80.694527,34.426113,108.577682,177.860092,73.56147,65.548843,130.564468,175.318176,38.155788
18/7/2023,83.587059,67.202354,81.508522,34.814377,109.185211,179.875778,73.48201,65.042938,131.530502,176.036911,37.838322
19/7/2023,83.139221,67.391876,81.985001,34.963707,109.135414,179.426743,74.226959,65.70755,132.138,176.655807,38.255001
20/7/2023,83.338257,66.055214,82.947899,35.222553,109.623428,175.844391,74.862656,66.907822,134.329025,170.636505,38.126026
21/7/2023,83.348213,65.396851,83.68248,35.103085,109.105537,175.754593,75.120895,67.909706,135.683472,170.676437,38.294682
24/7/2023,83.606964,65.516556,85.032516,35.44157,109.354523,176.063934,75.408943,67.731155,135.384689,171.794449,38.661758
25/7/2023,85.109718,65.726036,85.479218,35.212597,109.215096,178.07962,75.389084,67.850189,135.324936,171.395157,38.37405
26/7/2023,84.821114,66.753471,85.508995,35.421665,109.981964,175.684738,75.478477,67.850189,135.235291,171.355225,38.512943
27/7/2023,84.27375,67.31208,84.963028,34.973667,109.035828,175.175827,74.812988,66.649918,134.23938,169.5784,37.699429
28/7/2023,84.860916,68.638763,85.221123,35.043354,109.713066,177.56073,75.587738,66.501122,134.637756,172.453262,37.590298
31/7/2023,85.308762,68.61882,86.839188,35.172775,109.972008,177.969864,75.240089,66.530884,133.60199,173.431534,37.887924
1/8/2023,84.93058,68.529037,86.43219,35.172775,110.300667,178.269211,74.832848,65.717468,132.904846,171.465042,37.818478
2/8/2023,83.875671,67.242256,85.300537,34.874107,109.14537,173.858627,75.101036,65.717468,132.994476,168.390503,37.659744
3/8/2023,83.35817,67.07267,86.164169,34.89402,108.458176,173.150146,74.892448,64.219604,132.327225,168.78978,37.143856
4/8/2023,83.169075,66.923042,86.283287,34.754642,107.80085,170.795181,74.147499,63.475639,131.859146,171.245422,36.776783
7/8/2023,83.716438,67.960457,86.382553,35.242466,109.125458,171.274155,74.753395,63.465717,133.382889,173.002289,37.243069
8/8/2023,82.830711,67.770935,86.809402,34.923889,108.627487,169.95697,74.217026,63.763306,134.408691,171.624741,37.054569
9/8/2023,82.49234,67.042747,87.901352,34.665043,108.567734,167.761658,74.326286,63.90218,134.368851,169.588364,37.143856
10/8/2023,82.552048,67.272179,87.891418,34.694908,108.268944,167.781616,74.177292,63.703789,134.279221,169.99765,37.024807
11/8/2023,82.323158,66.952972,89.241455,34.764599,108.448212,166.54425,74.296494,64.050972,135.115784,169.418671,37.094254
14/8/2023,82.502289,67.441757,88.864235,34.694908,108.488052,169.198593,73.928978,63.545074,135.524109,169.937759,36.895836
15/8/2023,81.158768,66.843246,87.017868,34.057758,107.103691,167.53215,73.134361,62.513435,135.026154,167.621872,36.518841
16/8/2023,80.611404,66.045235,86.263435,34.00798,106.506126,165.935547,72.965508,62.791183,134.000366,165.545563,36.072403
17/8/2023,80.452171,65.287125,87.295815,33.838737,105.609779,164.358932,72.260284,62.652309,132.934723,162.740555,35.804535
18/8/2023,80.442223,64.898094,88.159439,33.828781,105.808968,164.608398,72.528465,62.97966,132.984528,162.371216,35.903744
21/8/2023,80.452171,65.366928,87.603546,33.78896,105.679497,167.751678,72.041763,62.582874,133.123962,164.237885,35.596199
22/8/2023,80.382507,65.366928,86.92852,33.470383,105.430511,167.562088,71.634529,62.761425,132.655869,164.477463,35.70533
23/8/2023,80.511887,66.424286,86.710136,33.798916,106.516083,170.585617,72.111298,63.009415,133.054245,165.79512,36.231136
24/8/2023,80.173515,65.147476,86.114532,33.679451,105.221359,166.654022,71.535194,62.642391,131.898987,162.550888,36.062477
25/8/2023,80.412369,65.2173,86.948372,33.838737,106.10775,168.350403,71.932503,63.118534,132.865021,164.367661,36.16169
28/8/2023,80.999535,66.015312,87.534058,34.027893,106.97422,169.727463,72.260284,63.108612,133.173752,165.026489,36.449398
29/8/2023,82.343056,67.481651,87.772293,34.336514,107.790894,173.130188,72.518539,63.346684,134.368851,169.149155,36.866074
30/8/2023,82.53215,67.491631,88.209076,34.356422,108.278908,174.437393,72.637726,63.059013,134.269272,169.877853,36.995045
31/8/2023,82.49234,67.561455,88.268631,34.227005,107.790894,175.285583,72.270226,62.453915,132.665848,170.406921,36.72718
1/9/2023,83.417877,66.933022,90.075302,34.535622,108.358582,175.824432,71.654396,62.13649,133.024368,169.368759,36.707336
5/9/2023,81.875313,66.923042,90.551788,34.18718,106.536003,176.453094,71.038567,61.184208,131.650009,169.488541,36.340267
6/9/2023,81.696175,66.71357,90.591499,34.167271,106.077873,174.587082,70.959106,61.323082,130.932953,167.981232,36.270821
7/9/2023,81.32795,66.593872,90.502151,34.077667,105.729294,172.062469,71.12796,62.126572,131.520538,168.450394,36.568447
8/9/2023,81.40757,66.793373,91.37571,34.147358,105.201439,172.421692,71.217354,62.67215,131.520538,168.450394,36.330341
11/9/2023,81.75589,67.800858,90.174568,34.306644,105.231323,173.319794,71.833183,62.930058,132.426819,172.98233,36.350185
12/9/2023,81.566803,67.092628,92.298897,34.535622,104.852859,170.176498,71.217354,63.009415,132.257507,171.415115,36.350185
13/9/2023,81.089104,67.31208,91.604019,34.535622,104.155701,170.605591,71.435875,63.763306,132.277435,172.772705,35.983112
14/9/2023,82.233582,68.249733,92.676109,34.854198,105.181526,171.842941,72.160965,64.695755,132.695724,174.469681,36.637894
15/9/2023,81.318001,67.342003,91.335999,34.675003,104.573997,168.539993,71.565002,64.418007,131.650009,171.484985,36.499001
18/9/2023,80.980003,67.389999,92.110001,34.77,104.690002,169.350006,71.540001,64.370003,131.449997,169.619995,36.18
19/9/2023,80.910004,67.440002,91.25,34.73,104.25,169.259995,71.370003,64.019997,131.559998,168.770004,35.990002
20/9/2023,80.059998,66.519997,90.400002,34.490002,103.839996,166.600006,71.440002,64.080002,131.570007,167.089996,36.060001
21/9/2023,78.449997,65.699997,89.160004,33.919998,102.139999,164.059998,70.519997,63.41,130.419998,162.529999,34.810001
22/9/2023,78.370003,65.620003,89.309998,33.66,101.790001,164.410004,70.139999,63.290001,130.149994,160.929993,34.57
25/9/2023,78.989998,65.779999,90.43,33.740002,102.300003,164.940002,69.889999,63.200001,130.860001,161.919998,34.509998
26/9/2023,77.849998,65.050003,89.910004,33.290001,100.739998,161.970001,69.370003,61.310001,129.75,158.970001,33.900002
27/9/2023,77.839996,65.220001,92.150002,33.240002,101.489998,162.220001,68.800003,60.130001,129.100006,158.360001,33.599998
28/9/2023,78.68,65.940002,92.25,33.48,101.919998,163.369995,69.010002,58.830002,129.720001,160.130005,33.950001
29/9/2023,78.550003,65.57,90.389999,33.169998,101.379997,163.929993,68.809998,58.93,128.740005,160.979996,34.07
2/10/2023,77.510002,66.059998,88.589996,32.889999,100.389999,165.690002,68.339996,56.189999,128.559998,161.110001,33.450001
3/10/2023,77.300003,65.169998,88.529999,32.369999,99.690002,162.880005,67.849998,56.84,127.419998,157.190002,32.84
4/10/2023,78.209999,65.790001,85.75,32.610001,100.010002,164.910004,68.389999,56.779999,127.959999,160.289993,33.189999
5/10/2023,77.260002,65.699997,85.220001,32.759998,99.419998,165.130005,67.040001,56.450001,128.660004,159.490005,33.43
6/10/2023,77.989998,66.910004,85.730003,33.040001,100.779999,168.220001,66.669998,57.25,130.009995,160.610001,33.560001
9/10/2023,78.089996,67.629997,88.589996,33.060001,102.360001,169.089996,66.730003,57.82,130.460007,160.779999,34
10/10/2023,78.919998,68.019997,88.699997,33.299999,102.980003,169.350006,67.410004,58.610001,131.080002,162.539993,34.119999
11/10/2023,79.110001,68.639999,87.559998,33.349998,103.599998,170.919998,66.949997,59.560001,130.5,163.119995,34.810001
12/10/2023,77.93,67.830002,87.660004,33.139999,102.660004,171.080002,66.220001,58.639999,129.380005,161.339996,34.349998
13/10/2023,77.639999,67.07,89.589996,33.209999,101.75,168.630005,66.800003,59.299999,130.190002,158.970001,34.34
16/10/2023,78.400002,68.150002,90.190002,33.560001,102.830002,170.25,67.489998,59.91,131.169998,161.539993,34.689999
17/10/2023,79.169998,68.389999,91.129997,33.720001,103.150002,169.460007,67.779999,59.75,130.990005,161.919998,34.509998
18/10/2023,77.120003,67.209999,91.959999,33.139999,100.660004,167.720001,68.029999,59.23,129.850006,158.119995,33.75
19/10/2023,76.220001,67.139999,91.800003,32.700001,99.730003,166.759995,67.529999,58.639999,128.570007,154.080002,32.919998
20/10/2023,75.300003,66.519997,90.260002,32.200001,98.699997,163.940002,67.269997,58.029999,128.059998,151.690002,32.75
23/10/2023,74.459999,66.870003,88.800003,32,98.239998,164.130005,67.139999,57.540001,127.260002,151.869995,32.470001
24/10/2023,75.339996,67.660004,87.550003,32.220001,98.980003,165.259995,67.709999,59.02,127.650002,153.490005,32.880001
25/10/2023,74.459999,64.730003,87.389999,32.099998,97.709999,163.309998,67.940002,59.349998,126.510002,150.389999,32.189999
26/10/2023,74.980003,63.32,86.709999,32.029999,97.300003,160.190002,67.5,59.860001,125.260002,148.039993,32.869999
27/10/2023,74.949997,63.09,84.629997,31.450001,96.440002,161.119995,66.580002,58.73,123.139999,149.589996,32.349998
30/10/2023,75.720001,64.389999,84.910004,32.009998,97.639999,162.850006,67.620003,59.18,123.830002,150.960007,32.450001
31/10/2023,76.059998,64.720001,85.190002,32.360001,98.360001,164.009995,67.860001,59.689999,124.540001,152.100006,33.099998
1/11/2023,76.099998,65.669998,84.989998,32.57,98.68,167.179993,67.790001,60.369999,124.800003,153.979996,33.27
2/11/2023,77.57,66.540001,87.559998,33.34,100.709999,170.009995,68.669998,61.5,126.779999,158,34.299999
3/11/2023,78.790001,67.559998,86.68,33.779999,101.599998,171.759995,68.75,61.860001,127.410004,160.220001,35.110001
6/11/2023,78.400002,67.379997,85.699997,33.68,101.330002,172.889999,68.860001,61.700001,128.259995,160.419998,34.630001
7/11/2023,76.879997,67.739998,83.800003,33.630001,101.080002,174.779999,69.029999,61.25,128.350006,162.210007,34.34
8/11/2023,77.120003,67.419998,82.75,33.669998,101.309998,175.770004,68.760002,60.799999,128.169998,161.779999,34.540001
9/11/2023,76.459999,67.400002,82.5,33.529999,101.089996,174.949997,68.480003,60,125.519997,158.759995,34.009998
10/11/2023,77.360001,68.470001,83.410004,33.91,102.550003,179.520004,68.959999,60.32,126.269997,161.399994,34.389999
